Workbook
Name Z_ABAAE3B4_BD11_4E4B_9CA9_F57AB63E348A_.wvu.PrintArea: Grafik!$A$1:$AC$39
Name Z_ABAAE3B4_BD11_4E4B_9CA9_F57AB63E348A_.wvu.PrintArea: Tracking!$A:$X

Sheet Person
B9: PERSONENDATEN.
B14: Personendaten | F14: Kontakt | I14: Sonstiges | L14: Messungen
B16: Vorname | F16: Strasse | I16: Beruf | L16: Wochentag
B18: Name | F18: PLZ | I18: Erkrankungen | L18: Uhrzeit
B20: Geschlecht (m/w) | F20: Stadt | I20: Sonstiges
B22: Geburtsdatum | F22: Telefon
B24: Alter | C24: =IF(C22="","",DATEDIF(C22,TODAY(),"y")) | F24: Email

Sheet Tracking
J2: Konstante | K2: Gewicht | L2: Größe | M2: Grund- funktion
J7: 40
J8: 11.277845
B9: TRACKING. | J9: -0.72457287 | K9: 7.8112059 | L9: 0.30396975 | O9: m | P9: b
J10: 0.575084 | K10: -0.28815665 | L10: 0.36216425 | M10: 0.5 | O10: 0.48261057 | P10: -0.0061956363
B12: Datum | C12: Alter | E12: Größe | F12: Gewicht | G12: Muskel | H12: KfA | J12: Kinn | K12: Wange | L12: Brust | M12: Trizeps | N12: Rücken | O12: Rippe | P12: Hüfte | Q12: Bauch | R12: Knie | S12: Wade | T12: v. Obers. | U12: h. Obers. | V12: Bizeps | W12: SUMME
E13: cm | F13: kg | G13: kg | H13: % | J13: mm | K13: mm | L13: mm | M13: mm | N13: mm | O13: mm | P13: mm | Q13: mm | R13: mm | S13: mm | T13: mm | U13: mm | V13: mm | W13: mm
C14: =IF(B14="","",DATEDIF(Person!$C$22,B14,"y")) | G14: =IF(F14="","",IF(E14="","",IF(W14="","",F14*(100%-H14/100)))) | H14: =IF(F14="","",IF(E14="","",IF(W14="","",$O$10*(($K$9*F14^$K$10)*($L$9*E14^$L$10)*(ABS(W14-(($J$8*E14^$J$9)*F14^$J$10+$J$7)))^$M$10)+$P$10))) | W14: =IF(J14="","",SUM(J14:S14))
J15: =IF(ISERROR(Grafik!D51),"",Grafik!D51) | K15: =IF(ISERROR(Grafik!E51),"",Grafik!E51) | L15: =IF(ISERROR(Grafik!F51),"",Grafik!F51) | M15: =IF(ISERROR(Grafik!G51),"",Grafik!G51) | N15: =IF(ISERROR(Grafik!H51),"",Grafik!H51) | O15: =IF(ISERROR(Grafik!I51),"",Grafik!I51) | P15: =IF(ISERROR(Grafik!J51),"",Grafik!J51) | Q15: =IF(ISERROR(Grafik!K51),"",Grafik!K51) | ... V15: =IF(ISERROR(Grafik!P51),"",Grafik!P51)
C16: =IF(B16="","",DATEDIF(Person!$C$22,B16,"y")) | G16: =IF(F16="","",IF(E16="","",IF(W16="","",F16*(100%-H16/100)))) | H16: =IF(F16="","",IF(E16="","",IF(W16="","",$O$10*(($K$9*F16^$K$10)*($L$9*E16^$L$10)*(ABS(W16-(($J$8*E16^$J$9)*F16^$J$10+$J$7)))^$M$10)+$P$10))) | W16: =IF(J16="","",SUM(J16:S16))
J17: =IF(ISERROR(Grafik!D53),"",Grafik!D53) | K17: =IF(ISERROR(Grafik!E53),"",Grafik!E53) | L17: =IF(ISERROR(Grafik!F53),"",Grafik!F53) | M17: =IF(ISERROR(Grafik!G53),"",Grafik!G53) | N17: =IF(ISERROR(Grafik!H53),"",Grafik!H53) | O17: =IF(ISERROR(Grafik!I53),"",Grafik!I53) | P17: =IF(ISERROR(Grafik!J53),"",Grafik!J53) | Q17: =IF(ISERROR(Grafik!K53),"",Grafik!K53) | ... V17: =IF(ISERROR(Grafik!P53),"",Grafik!P53)
C18: =IF(B18="","",DATEDIF(Person!$C$22,B18,"y")) | G18: =IF(F18="","",IF(E18="","",IF(W18="","",F18*(100%-H18/100)))) | H18: =IF(F18="","",IF(E18="","",IF(W18="","",$O$10*(($K$9*F18^$K$10)*($L$9*E18^$L$10)*(ABS(W18-(($J$8*E18^$J$9)*F18^$J$10+$J$7)))^$M$10)+$P$10))) | W18: =IF(J18="","",SUM(J18:S18))
J19: =IF(ISERROR(Grafik!D55),"",Grafik!D55) | K19: =IF(ISERROR(Grafik!E55),"",Grafik!E55) | L19: =IF(ISERROR(Grafik!F55),"",Grafik!F55) | M19: =IF(ISERROR(Grafik!G55),"",Grafik!G55) | N19: =IF(ISERROR(Grafik!H55),"",Grafik!H55) | O19: =IF(ISERROR(Grafik!I55),"",Grafik!I55) | P19: =IF(ISERROR(Grafik!J55),"",Grafik!J55) | Q19: =IF(ISERROR(Grafik!K55),"",Grafik!K55) | ... V19: =IF(ISERROR(Grafik!P55),"",Grafik!P55)
C20: =IF(B20="","",DATEDIF(Person!$C$22,B20,"y")) | G20: =IF(F20="","",IF(E20="","",IF(W20="","",F20*(100%-H20/100)))) | H20: =IF(F20="","",IF(E20="","",IF(W20="","",$O$10*(($K$9*F20^$K$10)*($L$9*E20^$L$10)*(ABS(W20-(($J$8*E20^$J$9)*F20^$J$10+$J$7)))^$M$10)+$P$10))) | W20: =IF(J20="","",SUM(J20:S20))
J21: =IF(ISERROR(Grafik!D57),"",Grafik!D57) | K21: =IF(ISERROR(Grafik!E57),"",Grafik!E57) | L21: =IF(ISERROR(Grafik!F57),"",Grafik!F57) | M21: =IF(ISERROR(Grafik!G57),"",Grafik!G57) | N21: =IF(ISERROR(Grafik!H57),"",Grafik!H57) | O21: =IF(ISERROR(Grafik!I57),"",Grafik!I57) | P21: =IF(ISERROR(Grafik!J57),"",Grafik!J57) | Q21: =IF(ISERROR(Grafik!K57),"",Grafik!K57) | ... V21: =IF(ISERROR(Grafik!P57),"",Grafik!P57)
C22: =IF(B22="","",DATEDIF(Person!$C$22,B22,"y")) | G22: =IF(F22="","",IF(E22="","",IF(W22="","",F22*(100%-H22/100)))) | H22: =IF(F22="","",IF(E22="","",IF(W22="","",$O$10*(($K$9*F22^$K$10)*($L$9*E22^$L$10)*(ABS(W22-(($J$8*E22^$J$9)*F22^$J$10+$J$7)))^$M$10)+$P$10))) | W22: =IF(J22="","",SUM(J22:S22))
J23: =IF(ISERROR(Grafik!D59),"",Grafik!D59) | K23: =IF(ISERROR(Grafik!E59),"",Grafik!E59) | L23: =IF(ISERROR(Grafik!F59),"",Grafik!F59) | M23: =IF(ISERROR(Grafik!G59),"",Grafik!G59) | N23: =IF(ISERROR(Grafik!H59),"",Grafik!H59) | O23: =IF(ISERROR(Grafik!I59),"",Grafik!I59) | P23: =IF(ISERROR(Grafik!J59),"",Grafik!J59) | Q23: =IF(ISERROR(Grafik!K59),"",Grafik!K59) | ... V23: =IF(ISERROR(Grafik!P59),"",Grafik!P59)
C24: =IF(B24="","",DATEDIF(Person!$C$22,B24,"y")) | G24: =IF(F24="","",IF(E24="","",IF(W24="","",F24*(100%-H24/100)))) | H24: =IF(F24="","",IF(E24="","",IF(W24="","",$O$10*(($K$9*F24^$K$10)*($L$9*E24^$L$10)*(ABS(W24-(($J$8*E24^$J$9)*F24^$J$10+$J$7)))^$M$10)+$P$10))) | W24: =IF(J24="","",SUM(J24:S24))
J25: =IF(ISERROR(Grafik!D61),"",Grafik!D61) | K25: =IF(ISERROR(Grafik!E61),"",Grafik!E61) | L25: =IF(ISERROR(Grafik!F61),"",Grafik!F61) | M25: =IF(ISERROR(Grafik!G61),"",Grafik!G61) | N25: =IF(ISERROR(Grafik!H61),"",Grafik!H61) | O25: =IF(ISERROR(Grafik!I61),"",Grafik!I61) | P25: =IF(ISERROR(Grafik!J61),"",Grafik!J61) | Q25: =IF(ISERROR(Grafik!K61),"",Grafik!K61) | ... V25: =IF(ISERROR(Grafik!P61),"",Grafik!P61)
C26: =IF(B26="","",DATEDIF(Person!$C$22,B26,"y")) | G26: =IF(F26="","",IF(E26="","",IF(W26="","",F26*(100%-H26/100)))) | H26: =IF(F26="","",IF(E26="","",IF(W26="","",$O$10*(($K$9*F26^$K$10)*($L$9*E26^$L$10)*(ABS(W26-(($J$8*E26^$J$9)*F26^$J$10+$J$7)))^$M$10)+$P$10))) | W26: =IF(J26="","",SUM(J26:S26))
J27: =IF(ISERROR(Grafik!D63),"",Grafik!D63) | K27: =IF(ISERROR(Grafik!E63),"",Grafik!E63) | L27: =IF(ISERROR(Grafik!F63),"",Grafik!F63) | M27: =IF(ISERROR(Grafik!G63),"",Grafik!G63) | N27: =IF(ISERROR(Grafik!H63),"",Grafik!H63) | O27: =IF(ISERROR(Grafik!I63),"",Grafik!I63) | P27: =IF(ISERROR(Grafik!J63),"",Grafik!J63) | Q27: =IF(ISERROR(Grafik!K63),"",Grafik!K63) | ... V27: =IF(ISERROR(Grafik!P63),"",Grafik!P63)
C28: =IF(B28="","",DATEDIF(Person!$C$22,B28,"y")) | G28: =IF(F28="","",IF(E28="","",IF(W28="","",F28*(100%-H28/100)))) | H28: =IF(F28="","",IF(E28="","",IF(W28="","",$O$10*(($K$9*F28^$K$10)*($L$9*E28^$L$10)*(ABS(W28-(($J$8*E28^$J$9)*F28^$J$10+$J$7)))^$M$10)+$P$10))) | W28: =IF(J28="","",SUM(J28:S28))
J29: =IF(ISERROR(Grafik!D65),"",Grafik!D65) | K29: =IF(ISERROR(Grafik!E65),"",Grafik!E65) | L29: =IF(ISERROR(Grafik!F65),"",Grafik!F65) | M29: =IF(ISERROR(Grafik!G65),"",Grafik!G65) | N29: =IF(ISERROR(Grafik!H65),"",Grafik!H65) | O29: =IF(ISERROR(Grafik!I65),"",Grafik!I65) | P29: =IF(ISERROR(Grafik!J65),"",Grafik!J65) | Q29: =IF(ISERROR(Grafik!K65),"",Grafik!K65) | ... V29: =IF(ISERROR(Grafik!P65),"",Grafik!P65)
C30: =IF(B30="","",DATEDIF(Person!$C$22,B30,"y")) | G30: =IF(F30="","",IF(E30="","",IF(W30="","",F30*(100%-H30/100)))) | H30: =IF(F30="","",IF(E30="","",IF(W30="","",$O$10*(($K$9*F30^$K$10)*($L$9*E30^$L$10)*(ABS(W30-(($J$8*E30^$J$9)*F30^$J$10+$J$7)))^$M$10)+$P$10))) | W30: =IF(J30="","",SUM(J30:S30))
J31: =IF(ISERROR(Grafik!D67),"",Grafik!D67) | K31: =IF(ISERROR(Grafik!E67),"",Grafik!E67) | L31: =IF(ISERROR(Grafik!F67),"",Grafik!F67) | M31: =IF(ISERROR(Grafik!G67),"",Grafik!G67) | N31: =IF(ISERROR(Grafik!H67),"",Grafik!H67) | O31: =IF(ISERROR(Grafik!I67),"",Grafik!I67) | P31: =IF(ISERROR(Grafik!J67),"",Grafik!J67) | Q31: =IF(ISERROR(Grafik!K67),"",Grafik!K67) | ... V31: =IF(ISERROR(Grafik!P67),"",Grafik!P67)
C32: =IF(B32="","",DATEDIF(Person!$C$22,B32,"y")) | G32: =IF(F32="","",IF(E32="","",IF(W32="","",F32*(100%-H32/100)))) | H32: =IF(F32="","",IF(E32="","",IF(W32="","",$O$10*(($K$9*F32^$K$10)*($L$9*E32^$L$10)*(ABS(W32-(($J$8*E32^$J$9)*F32^$J$10+$J$7)))^$M$10)+$P$10))) | W32: =IF(J32="","",SUM(J32:S32))
J33: =IF(ISERROR(Grafik!D69),"",Grafik!D69) | K33: =IF(ISERROR(Grafik!E69),"",Grafik!E69) | L33: =IF(ISERROR(Grafik!F69),"",Grafik!F69) | M33: =IF(ISERROR(Grafik!G69),"",Grafik!G69) | N33: =IF(ISERROR(Grafik!H69),"",Grafik!H69) | O33: =IF(ISERROR(Grafik!I69),"",Grafik!I69) | P33: =IF(ISERROR(Grafik!J69),"",Grafik!J69) | Q33: =IF(ISERROR(Grafik!K69),"",Grafik!K69) | ... V33: =IF(ISERROR(Grafik!P69),"",Grafik!P69)
C34: =IF(B34="","",DATEDIF(Person!$C$22,B34,"y")) | G34: =IF(F34="","",IF(E34="","",IF(W34="","",F34*(100%-H34/100)))) | H34: =IF(F34="","",IF(E34="","",IF(W34="","",$O$10*(($K$9*F34^$K$10)*($L$9*E34^$L$10)*(ABS(W34-(($J$8*E34^$J$9)*F34^$J$10+$J$7)))^$M$10)+$P$10))) | W34: =IF(J34="","",SUM(J34:S34))
J35: =IF(ISERROR(Grafik!D71),"",Grafik!D71) | K35: =IF(ISERROR(Grafik!E71),"",Grafik!E71) | L35: =IF(ISERROR(Grafik!F71),"",Grafik!F71) | M35: =IF(ISERROR(Grafik!G71),"",Grafik!G71) | N35: =IF(ISERROR(Grafik!H71),"",Grafik!H71) | O35: =IF(ISERROR(Grafik!I71),"",Grafik!I71) | P35: =IF(ISERROR(Grafik!J71),"",Grafik!J71) | Q35: =IF(ISERROR(Grafik!K71),"",Grafik!K71) | ... V35: =IF(ISERROR(Grafik!P71),"",Grafik!P71)
C36: =IF(B36="","",DATEDIF(Person!$C$22,B36,"y")) | G36: =IF(F36="","",IF(E36="","",IF(W36="","",F36*(100%-H36/100)))) | H36: =IF(F36="","",IF(E36="","",IF(W36="","",$O$10*(($K$9*F36^$K$10)*($L$9*E36^$L$10)*(ABS(W36-(($J$8*E36^$J$9)*F36^$J$10+$J$7)))^$M$10)+$P$10))) | W36: =IF(J36="","",SUM(J36:S36))
J37: =IF(ISERROR(Grafik!D73),"",Grafik!D73) | K37: =IF(ISERROR(Grafik!E73),"",Grafik!E73) | L37: =IF(ISERROR(Grafik!F73),"",Grafik!F73) | M37: =IF(ISERROR(Grafik!G73),"",Grafik!G73) | N37: =IF(ISERROR(Grafik!H73),"",Grafik!H73) | O37: =IF(ISERROR(Grafik!I73),"",Grafik!I73) | P37: =IF(ISERROR(Grafik!J73),"",Grafik!J73) | Q37: =IF(ISERROR(Grafik!K73),"",Grafik!K73) | ... V37: =IF(ISERROR(Grafik!P73),"",Grafik!P73)
C38: =IF(B38="","",DATEDIF(Person!$C$22,B38,"y")) | G38: =IF(F38="","",IF(E38="","",IF(W38="","",F38*(100%-H38/100)))) | H38: =IF(F38="","",IF(E38="","",IF(W38="","",$O$10*(($K$9*F38^$K$10)*($L$9*E38^$L$10)*(ABS(W38-(($J$8*E38^$J$9)*F38^$J$10+$J$7)))^$M$10)+$P$10))) | W38: =IF(J38="","",SUM(J38:S38))
J39: =IF(ISERROR(Grafik!D75),"",Grafik!D75) | K39: =IF(ISERROR(Grafik!E75),"",Grafik!E75) | L39: =IF(ISERROR(Grafik!F75),"",Grafik!F75) | M39: =IF(ISERROR(Grafik!G75),"",Grafik!G75) | N39: =IF(ISERROR(Grafik!H75),"",Grafik!H75) | O39: =IF(ISERROR(Grafik!I75),"",Grafik!I75) | P39: =IF(ISERROR(Grafik!J75),"",Grafik!J75) | Q39: =IF(ISERROR(Grafik!K75),"",Grafik!K75) | ... V39: =IF(ISERROR(Grafik!P75),"",Grafik!P75)
C40: =IF(B40="","",DATEDIF(Person!$C$22,B40,"y")) | G40: =IF(F40="","",IF(E40="","",IF(W40="","",F40*(100%-H40/100)))) | H40: =IF(F40="","",IF(E40="","",IF(W40="","",$O$10*(($K$9*F40^$K$10)*($L$9*E40^$L$10)*(ABS(W40-(($J$8*E40^$J$9)*F40^$J$10+$J$7)))^$M$10)+$P$10))) | W40: =IF(J40="","",SUM(J40:S40))
J41: =IF(ISERROR(Grafik!D77),"",Grafik!D77) | K41: =IF(ISERROR(Grafik!E77),"",Grafik!E77) | L41: =IF(ISERROR(Grafik!F77),"",Grafik!F77) | M41: =IF(ISERROR(Grafik!G77),"",Grafik!G77) | N41: =IF(ISERROR(Grafik!H77),"",Grafik!H77) | O41: =IF(ISERROR(Grafik!I77),"",Grafik!I77) | P41: =IF(ISERROR(Grafik!J77),"",Grafik!J77) | Q41: =IF(ISERROR(Grafik!K77),"",Grafik!K77) | ... V41: =IF(ISERROR(Grafik!P77),"",Grafik!P77)
C42: =IF(B42="","",DATEDIF(Person!$C$22,B42,"y")) | G42: =IF(F42="","",IF(E42="","",IF(W42="","",F42*(100%-H42/100)))) | H42: =IF(F42="","",IF(E42="","",IF(W42="","",$O$10*(($K$9*F42^$K$10)*($L$9*E42^$L$10)*(ABS(W42-(($J$8*E42^$J$9)*F42^$J$10+$J$7)))^$M$10)+$P$10))) | W42: =IF(J42="","",SUM(J42:S42))
J43: =IF(ISERROR(Grafik!D79),"",Grafik!D79) | K43: =IF(ISERROR(Grafik!E79),"",Grafik!E79) | L43: =IF(ISERROR(Grafik!F79),"",Grafik!F79) | M43: =IF(ISERROR(Grafik!G79),"",Grafik!G79) | N43: =IF(ISERROR(Grafik!H79),"",Grafik!H79) | O43: =IF(ISERROR(Grafik!I79),"",Grafik!I79) | P43: =IF(ISERROR(Grafik!J79),"",Grafik!J79) | Q43: =IF(ISERROR(Grafik!K79),"",Grafik!K79) | ... V43: =IF(ISERROR(Grafik!P79),"",Grafik!P79)
C44: =IF(B44="","",DATEDIF(Person!$C$22,B44,"y")) | G44: =IF(F44="","",IF(E44="","",IF(W44="","",F44*(100%-H44/100)))) | H44: =IF(F44="","",IF(E44="","",IF(W44="","",$O$10*(($K$9*F44^$K$10)*($L$9*E44^$L$10)*(ABS(W44-(($J$8*E44^$J$9)*F44^$J$10+$J$7)))^$M$10)+$P$10))) | W44: =IF(J44="","",SUM(J44:S44))
J45: =IF(ISERROR(Grafik!D81),"",Grafik!D81) | K45: =IF(ISERROR(Grafik!E81),"",Grafik!E81) | L45: =IF(ISERROR(Grafik!F81),"",Grafik!F81) | M45: =IF(ISERROR(Grafik!G81),"",Grafik!G81) | N45: =IF(ISERROR(Grafik!H81),"",Grafik!H81) | O45: =IF(ISERROR(Grafik!I81),"",Grafik!I81) | P45: =IF(ISERROR(Grafik!J81),"",Grafik!J81) | Q45: =IF(ISERROR(Grafik!K81),"",Grafik!K81) | ... V45: =IF(ISERROR(Grafik!P81),"",Grafik!P81)
C46: =IF(B46="","",DATEDIF(Person!$C$22,B46,"y")) | G46: =IF(F46="","",IF(E46="","",IF(W46="","",F46*(100%-H46/100)))) | H46: =IF(F46="","",IF(E46="","",IF(W46="","",$O$10*(($K$9*F46^$K$10)*($L$9*E46^$L$10)*(ABS(W46-(($J$8*E46^$J$9)*F46^$J$10+$J$7)))^$M$10)+$P$10))) | W46: =IF(J46="","",SUM(J46:S46))
J47: =IF(ISERROR(Grafik!D83),"",Grafik!D83) | K47: =IF(ISERROR(Grafik!E83),"",Grafik!E83) | L47: =IF(ISERROR(Grafik!F83),"",Grafik!F83) | M47: =IF(ISERROR(Grafik!G83),"",Grafik!G83) | N47: =IF(ISERROR(Grafik!H83),"",Grafik!H83) | O47: =IF(ISERROR(Grafik!I83),"",Grafik!I83) | P47: =IF(ISERROR(Grafik!J83),"",Grafik!J83) | Q47: =IF(ISERROR(Grafik!K83),"",Grafik!K83) | ... V47: =IF(ISERROR(Grafik!P83),"",Grafik!P83)
C48: =IF(B48="","",DATEDIF(Person!$C$22,B48,"y")) | G48: =IF(F48="","",IF(E48="","",IF(W48="","",F48*(100%-H48/100)))) | H48: =IF(F48="","",IF(E48="","",IF(W48="","",$O$10*(($K$9*F48^$K$10)*($L$9*E48^$L$10)*(ABS(W48-(($J$8*E48^$J$9)*F48^$J$10+$J$7)))^$M$10)+$P$10))) | W48: =IF(J48="","",SUM(J48:S48))
J49: =IF(ISERROR(Grafik!D85),"",Grafik!D85) | K49: =IF(ISERROR(Grafik!E85),"",Grafik!E85) | L49: =IF(ISERROR(Grafik!F85),"",Grafik!F85) | M49: =IF(ISERROR(Grafik!G85),"",Grafik!G85) | N49: =IF(ISERROR(Grafik!H85),"",Grafik!H85) | O49: =IF(ISERROR(Grafik!I85),"",Grafik!I85) | P49: =IF(ISERROR(Grafik!J85),"",Grafik!J85) | Q49: =IF(ISERROR(Grafik!K85),"",Grafik!K85) | ... V49: =IF(ISERROR(Grafik!P85),"",Grafik!P85)
C50: =IF(B50="","",DATEDIF(Person!$C$22,B50,"y")) | G50: =IF(F50="","",IF(E50="","",IF(W50="","",F50*(100%-H50/100)))) | H50: =IF(F50="","",IF(E50="","",IF(W50="","",$O$10*(($K$9*F50^$K$10)*($L$9*E50^$L$10)*(ABS(W50-(($J$8*E50^$J$9)*F50^$J$10+$J$7)))^$M$10)+$P$10))) | W50: =IF(J50="","",SUM(J50:S50))
J51: =IF(ISERROR(Grafik!D87),"",Grafik!D87) | K51: =IF(ISERROR(Grafik!E87),"",Grafik!E87) | L51: =IF(ISERROR(Grafik!F87),"",Grafik!F87) | M51: =IF(ISERROR(Grafik!G87),"",Grafik!G87) | N51: =IF(ISERROR(Grafik!H87),"",Grafik!H87) | O51: =IF(ISERROR(Grafik!I87),"",Grafik!I87) | P51: =IF(ISERROR(Grafik!J87),"",Grafik!J87) | Q51: =IF(ISERROR(Grafik!K87),"",Grafik!K87) | ... V51: =IF(ISERROR(Grafik!P87),"",Grafik!P87)
C52: =IF(B52="","",DATEDIF(Person!$C$22,B52,"y")) | G52: =IF(F52="","",IF(E52="","",IF(W52="","",F52*(100%-H52/100)))) | H52: =IF(F52="","",IF(E52="","",IF(W52="","",$O$10*(($K$9*F52^$K$10)*($L$9*E52^$L$10)*(ABS(W52-(($J$8*E52^$J$9)*F52^$J$10+$J$7)))^$M$10)+$P$10))) | W52: =IF(J52="","",SUM(J52:S52))
J53: =IF(ISERROR(Grafik!D89),"",Grafik!D89) | K53: =IF(ISERROR(Grafik!E89),"",Grafik!E89) | L53: =IF(ISERROR(Grafik!F89),"",Grafik!F89) | M53: =IF(ISERROR(Grafik!G89),"",Grafik!G89) | N53: =IF(ISERROR(Grafik!H89),"",Grafik!H89) | O53: =IF(ISERROR(Grafik!I89),"",Grafik!I89) | P53: =IF(ISERROR(Grafik!J89),"",Grafik!J89) | Q53: =IF(ISERROR(Grafik!K89),"",Grafik!K89) | ... V53: =IF(ISERROR(Grafik!P89),"",Grafik!P89)
C54: =IF(B54="","",DATEDIF(Person!$C$22,B54,"y")) | G54: =IF(F54="","",IF(E54="","",IF(W54="","",F54*(100%-H54/100)))) | H54: =IF(F54="","",IF(E54="","",IF(W54="","",$O$10*(($K$9*F54^$K$10)*($L$9*E54^$L$10)*(ABS(W54-(($J$8*E54^$J$9)*F54^$J$10+$J$7)))^$M$10)+$P$10))) | W54: =IF(J54="","",SUM(J54:S54))
J55: =IF(ISERROR(Grafik!D91),"",Grafik!D91) | K55: =IF(ISERROR(Grafik!E91),"",Grafik!E91) | L55: =IF(ISERROR(Grafik!F91),"",Grafik!F91) | M55: =IF(ISERROR(Grafik!G91),"",Grafik!G91) | N55: =IF(ISERROR(Grafik!H91),"",Grafik!H91) | O55: =IF(ISERROR(Grafik!I91),"",Grafik!I91) | P55: =IF(ISERROR(Grafik!J91),"",Grafik!J91) | Q55: =IF(ISERROR(Grafik!K91),"",Grafik!K91) | ... V55: =IF(ISERROR(Grafik!P91),"",Grafik!P91)
C56: =IF(B56="","",DATEDIF(Person!$C$22,B56,"y")) | G56: =IF(F56="","",IF(E56="","",IF(W56="","",F56*(100%-H56/100)))) | H56: =IF(F56="","",IF(E56="","",IF(W56="","",$O$10*(($K$9*F56^$K$10)*($L$9*E56^$L$10)*(ABS(W56-(($J$8*E56^$J$9)*F56^$J$10+$J$7)))^$M$10)+$P$10))) | W56: =IF(J56="","",SUM(J56:S56))
J57: =IF(ISERROR(Grafik!D93),"",Grafik!D93) | K57: =IF(ISERROR(Grafik!E93),"",Grafik!E93) | L57: =IF(ISERROR(Grafik!F93),"",Grafik!F93) | M57: =IF(ISERROR(Grafik!G93),"",Grafik!G93) | N57: =IF(ISERROR(Grafik!H93),"",Grafik!H93) | O57: =IF(ISERROR(Grafik!I93),"",Grafik!I93) | P57: =IF(ISERROR(Grafik!J93),"",Grafik!J93) | Q57: =IF(ISERROR(Grafik!K93),"",Grafik!K93) | ... V57: =IF(ISERROR(Grafik!P93),"",Grafik!P93)
C58: =IF(B58="","",DATEDIF(Person!$C$22,B58,"y")) | G58: =IF(F58="","",IF(E58="","",IF(W58="","",F58*(100%-H58/100)))) | H58: =IF(F58="","",IF(E58="","",IF(W58="","",$O$10*(($K$9*F58^$K$10)*($L$9*E58^$L$10)*(ABS(W58-(($J$8*E58^$J$9)*F58^$J$10+$J$7)))^$M$10)+$P$10))) | W58: =IF(J58="","",SUM(J58:S58))
J59: =IF(ISERROR(Grafik!D95),"",Grafik!D95) | K59: =IF(ISERROR(Grafik!E95),"",Grafik!E95) | L59: =IF(ISERROR(Grafik!F95),"",Grafik!F95) | M59: =IF(ISERROR(Grafik!G95),"",Grafik!G95) | N59: =IF(ISERROR(Grafik!H95),"",Grafik!H95) | O59: =IF(ISERROR(Grafik!I95),"",Grafik!I95) | P59: =IF(ISERROR(Grafik!J95),"",Grafik!J95) | Q59: =IF(ISERROR(Grafik!K95),"",Grafik!K95) | ... V59: =IF(ISERROR(Grafik!P95),"",Grafik!P95)
C60: =IF(B60="","",DATEDIF(Person!$C$22,B60,"y")) | G60: =IF(F60="","",IF(E60="","",IF(W60="","",F60*(100%-H60/100)))) | H60: =IF(F60="","",IF(E60="","",IF(W60="","",$O$10*(($K$9*F60^$K$10)*($L$9*E60^$L$10)*(ABS(W60-(($J$8*E60^$J$9)*F60^$J$10+$J$7)))^$M$10)+$P$10))) | W60: =IF(J60="","",SUM(J60:S60))
J61: =IF(ISERROR(Grafik!D97),"",Grafik!D97) | K61: =IF(ISERROR(Grafik!E97),"",Grafik!E97) | L61: =IF(ISERROR(Grafik!F97),"",Grafik!F97) | M61: =IF(ISERROR(Grafik!G97),"",Grafik!G97) | N61: =IF(ISERROR(Grafik!H97),"",Grafik!H97) | O61: =IF(ISERROR(Grafik!I97),"",Grafik!I97) | P61: =IF(ISERROR(Grafik!J97),"",Grafik!J97) | Q61: =IF(ISERROR(Grafik!K97),"",Grafik!K97) | ... V61: =IF(ISERROR(Grafik!P97),"",Grafik!P97)
C62: =IF(B62="","",DATEDIF(Person!$C$22,B62,"y")) | G62: =IF(F62="","",IF(E62="","",IF(W62="","",F62*(100%-H62/100)))) | H62: =IF(F62="","",IF(E62="","",IF(W62="","",$O$10*(($K$9*F62^$K$10)*($L$9*E62^$L$10)*(ABS(W62-(($J$8*E62^$J$9)*F62^$J$10+$J$7)))^$M$10)+$P$10))) | W62: =IF(J62="","",SUM(J62:S62))
J63: =IF(ISERROR(Grafik!D99),"",Grafik!D99) | K63: =IF(ISERROR(Grafik!E99),"",Grafik!E99) | L63: =IF(ISERROR(Grafik!F99),"",Grafik!F99) | M63: =IF(ISERROR(Grafik!G99),"",Grafik!G99) | N63: =IF(ISERROR(Grafik!H99),"",Grafik!H99) | O63: =IF(ISERROR(Grafik!I99),"",Grafik!I99) | P63: =IF(ISERROR(Grafik!J99),"",Grafik!J99) | Q63: =IF(ISERROR(Grafik!K99),"",Grafik!K99) | ... V63: =IF(ISERROR(Grafik!P99),"",Grafik!P99)
C64: =IF(B64="","",DATEDIF(Person!$C$22,B64,"y")) | G64: =IF(F64="","",IF(E64="","",IF(W64="","",F64*(100%-H64/100)))) | H64: =IF(F64="","",IF(E64="","",IF(W64="","",$O$10*(($K$9*F64^$K$10)*($L$9*E64^$L$10)*(ABS(W64-(($J$8*E64^$J$9)*F64^$J$10+$J$7)))^$M$10)+$P$10))) | W64: =IF(J64="","",SUM(J64:S64))
J65: =IF(ISERROR(Grafik!D101),"",Grafik!D101) | K65: =IF(ISERROR(Grafik!E101),"",Grafik!E101) | L65: =IF(ISERROR(Grafik!F101),"",Grafik!F101) | M65: =IF(ISERROR(Grafik!G101),"",Grafik!G101) | N65: =IF(ISERROR(Grafik!H101),"",Grafik!H101) | O65: =IF(ISERROR(Grafik!I101),"",Grafik!I101) | P65: =IF(ISERROR(Grafik!J101),"",Grafik!J101) | Q65: =IF(ISERROR(Grafik!K101),"",Grafik!K101) | ... V65: =IF(ISERROR(Grafik!P101),"",Grafik!P101)
C66: =IF(B66="","",DATEDIF(Person!$C$22,B66,"y")) | G66: =IF(F66="","",IF(E66="","",IF(W66="","",F66*(100%-H66/100)))) | H66: =IF(F66="","",IF(E66="","",IF(W66="","",$O$10*(($K$9*F66^$K$10)*($L$9*E66^$L$10)*(ABS(W66-(($J$8*E66^$J$9)*F66^$J$10+$J$7)))^$M$10)+$P$10))) | W66: =IF(J66="","",SUM(J66:S66))
J67: =IF(ISERROR(Grafik!D103),"",Grafik!D103) | K67: =IF(ISERROR(Grafik!E103),"",Grafik!E103) | L67: =IF(ISERROR(Grafik!F103),"",Grafik!F103) | M67: =IF(ISERROR(Grafik!G103),"",Grafik!G103) | N67: =IF(ISERROR(Grafik!H103),"",Grafik!H103) | O67: =IF(ISERROR(Grafik!I103),"",Grafik!I103) | P67: =IF(ISERROR(Grafik!J103),"",Grafik!J103) | Q67: =IF(ISERROR(Grafik!K103),"",Grafik!K103) | ... V67: =IF(ISERROR(Grafik!P103),"",Grafik!P103)
C68: =IF(B68="","",DATEDIF(Person!$C$22,B68,"y")) | G68: =IF(F68="","",IF(E68="","",IF(W68="","",F68*(100%-H68/100)))) | H68: =IF(F68="","",IF(E68="","",IF(W68="","",$O$10*(($K$9*F68^$K$10)*($L$9*E68^$L$10)*(ABS(W68-(($J$8*E68^$J$9)*F68^$J$10+$J$7)))^$M$10)+$P$10))) | W68: =IF(J68="","",SUM(J68:S68))
J69: =IF(ISERROR(Grafik!D105),"",Grafik!D105) | K69: =IF(ISERROR(Grafik!E105),"",Grafik!E105) | L69: =IF(ISERROR(Grafik!F105),"",Grafik!F105) | M69: =IF(ISERROR(Grafik!G105),"",Grafik!G105) | N69: =IF(ISERROR(Grafik!H105),"",Grafik!H105) | O69: =IF(ISERROR(Grafik!I105),"",Grafik!I105) | P69: =IF(ISERROR(Grafik!J105),"",Grafik!J105) | Q69: =IF(ISERROR(Grafik!K105),"",Grafik!K105) | ... V69: =IF(ISERROR(Grafik!P105),"",Grafik!P105)
C70: =IF(B70="","",DATEDIF(Person!$C$22,B70,"y")) | G70: =IF(F70="","",IF(E70="","",IF(W70="","",F70*(100%-H70/100)))) | H70: =IF(F70="","",IF(E70="","",IF(W70="","",$O$10*(($K$9*F70^$K$10)*($L$9*E70^$L$10)*(ABS(W70-(($J$8*E70^$J$9)*F70^$J$10+$J$7)))^$M$10)+$P$10))) | W70: =IF(J70="","",SUM(J70:S70))
J71: =IF(ISERROR(Grafik!D107),"",Grafik!D107) | K71: =IF(ISERROR(Grafik!E107),"",Grafik!E107) | L71: =IF(ISERROR(Grafik!F107),"",Grafik!F107) | M71: =IF(ISERROR(Grafik!G107),"",Grafik!G107) | N71: =IF(ISERROR(Grafik!H107),"",Grafik!H107) | O71: =IF(ISERROR(Grafik!I107),"",Grafik!I107) | P71: =IF(ISERROR(Grafik!J107),"",Grafik!J107) | Q71: =IF(ISERROR(Grafik!K107),"",Grafik!K107) | ... V71: =IF(ISERROR(Grafik!P107),"",Grafik!P107)
C72: =IF(B72="","",DATEDIF(Person!$C$22,B72,"y")) | G72: =IF(F72="","",IF(E72="","",IF(W72="","",F72*(100%-H72/100)))) | H72: =IF(F72="","",IF(E72="","",IF(W72="","",$O$10*(($K$9*F72^$K$10)*($L$9*E72^$L$10)*(ABS(W72-(($J$8*E72^$J$9)*F72^$J$10+$J$7)))^$M$10)+$P$10))) | W72: =IF(J72="","",SUM(J72:S72))
J73: =IF(ISERROR(Grafik!D109),"",Grafik!D109) | K73: =IF(ISERROR(Grafik!E109),"",Grafik!E109) | L73: =IF(ISERROR(Grafik!F109),"",Grafik!F109) | M73: =IF(ISERROR(Grafik!G109),"",Grafik!G109) | N73: =IF(ISERROR(Grafik!H109),"",Grafik!H109) | O73: =IF(ISERROR(Grafik!I109),"",Grafik!I109) | P73: =IF(ISERROR(Grafik!J109),"",Grafik!J109) | Q73: =IF(ISERROR(Grafik!K109),"",Grafik!K109) | ... V73: =IF(ISERROR(Grafik!P109),"",Grafik!P109)
C74: =IF(B74="","",DATEDIF(Person!$C$22,B74,"y")) | G74: =IF(F74="","",IF(E74="","",IF(W74="","",F74*(100%-H74/100)))) | H74: =IF(F74="","",IF(E74="","",IF(W74="","",$O$10*(($K$9*F74^$K$10)*($L$9*E74^$L$10)*(ABS(W74-(($J$8*E74^$J$9)*F74^$J$10+$J$7)))^$M$10)+$P$10))) | W74: =IF(J74="","",SUM(J74:S74))
J75: =IF(ISERROR(Grafik!D111),"",Grafik!D111) | K75: =IF(ISERROR(Grafik!E111),"",Grafik!E111) | L75: =IF(ISERROR(Grafik!F111),"",Grafik!F111) | M75: =IF(ISERROR(Grafik!G111),"",Grafik!G111) | N75: =IF(ISERROR(Grafik!H111),"",Grafik!H111) | O75: =IF(ISERROR(Grafik!I111),"",Grafik!I111) | P75: =IF(ISERROR(Grafik!J111),"",Grafik!J111) | Q75: =IF(ISERROR(Grafik!K111),"",Grafik!K111) | ... V75: =IF(ISERROR(Grafik!P111),"",Grafik!P111)
C76: =IF(B76="","",DATEDIF(Person!$C$22,B76,"y")) | G76: =IF(F76="","",IF(E76="","",IF(W76="","",F76*(100%-H76/100)))) | H76: =IF(F76="","",IF(E76="","",IF(W76="","",$O$10*(($K$9*F76^$K$10)*($L$9*E76^$L$10)*(ABS(W76-(($J$8*E76^$J$9)*F76^$J$10+$J$7)))^$M$10)+$P$10))) | W76: =IF(J76="","",SUM(J76:S76))
J77: =IF(ISERROR(Grafik!D113),"",Grafik!D113) | K77: =IF(ISERROR(Grafik!E113),"",Grafik!E113) | L77: =IF(ISERROR(Grafik!F113),"",Grafik!F113) | M77: =IF(ISERROR(Grafik!G113),"",Grafik!G113) | N77: =IF(ISERROR(Grafik!H113),"",Grafik!H113) | O77: =IF(ISERROR(Grafik!I113),"",Grafik!I113) | P77: =IF(ISERROR(Grafik!J113),"",Grafik!J113) | Q77: =IF(ISERROR(Grafik!K113),"",Grafik!K113) | ... V77: =IF(ISERROR(Grafik!P113),"",Grafik!P113)
C78: =IF(B78="","",DATEDIF(Person!$C$22,B78,"y")) | G78: =IF(F78="","",IF(E78="","",IF(W78="","",F78*(100%-H78/100)))) | H78: =IF(F78="","",IF(E78="","",IF(W78="","",$O$10*(($K$9*F78^$K$10)*($L$9*E78^$L$10)*(ABS(W78-(($J$8*E78^$J$9)*F78^$J$10+$J$7)))^$M$10)+$P$10))) | W78: =IF(J78="","",SUM(J78:S78))
J79: =IF(ISERROR(Grafik!D115),"",Grafik!D115) | K79: =IF(ISERROR(Grafik!E115),"",Grafik!E115) | L79: =IF(ISERROR(Grafik!F115),"",Grafik!F115) | M79: =IF(ISERROR(Grafik!G115),"",Grafik!G115) | N79: =IF(ISERROR(Grafik!H115),"",Grafik!H115) | O79: =IF(ISERROR(Grafik!I115),"",Grafik!I115) | P79: =IF(ISERROR(Grafik!J115),"",Grafik!J115) | Q79: =IF(ISERROR(Grafik!K115),"",Grafik!K115) | ... V79: =IF(ISERROR(Grafik!P115),"",Grafik!P115)
C80: =IF(B80="","",DATEDIF(Person!$C$22,B80,"y")) | G80: =IF(F80="","",IF(E80="","",IF(W80="","",F80*(100%-H80/100)))) | H80: =IF(F80="","",IF(E80="","",IF(W80="","",$O$10*(($K$9*F80^$K$10)*($L$9*E80^$L$10)*(ABS(W80-(($J$8*E80^$J$9)*F80^$J$10+$J$7)))^$M$10)+$P$10))) | W80: =IF(J80="","",SUM(J80:S80))
J81: =IF(ISERROR(Grafik!D117),"",Grafik!D117) | K81: =IF(ISERROR(Grafik!E117),"",Grafik!E117) | L81: =IF(ISERROR(Grafik!F117),"",Grafik!F117) | M81: =IF(ISERROR(Grafik!G117),"",Grafik!G117) | N81: =IF(ISERROR(Grafik!H117),"",Grafik!H117) | O81: =IF(ISERROR(Grafik!I117),"",Grafik!I117) | P81: =IF(ISERROR(Grafik!J117),"",Grafik!J117) | Q81: =IF(ISERROR(Grafik!K117),"",Grafik!K117) | ... V81: =IF(ISERROR(Grafik!P117),"",Grafik!P117)
C82: =IF(B82="","",DATEDIF(Person!$C$22,B82,"y")) | G82: =IF(F82="","",IF(E82="","",IF(W82="","",F82*(100%-H82/100)))) | H82: =IF(F82="","",IF(E82="","",IF(W82="","",$O$10*(($K$9*F82^$K$10)*($L$9*E82^$L$10)*(ABS(W82-(($J$8*E82^$J$9)*F82^$J$10+$J$7)))^$M$10)+$P$10))) | W82: =IF(J82="","",SUM(J82:S82))
J83: =IF(ISERROR(Grafik!D119),"",Grafik!D119) | K83: =IF(ISERROR(Grafik!E119),"",Grafik!E119) | L83: =IF(ISERROR(Grafik!F119),"",Grafik!F119) | M83: =IF(ISERROR(Grafik!G119),"",Grafik!G119) | N83: =IF(ISERROR(Grafik!H119),"",Grafik!H119) | O83: =IF(ISERROR(Grafik!I119),"",Grafik!I119) | P83: =IF(ISERROR(Grafik!J119),"",Grafik!J119) | Q83: =IF(ISERROR(Grafik!K119),"",Grafik!K119) | ... V83: =IF(ISERROR(Grafik!P119),"",Grafik!P119)
C84: =IF(B84="","",DATEDIF(Person!$C$22,B84,"y")) | G84: =IF(F84="","",IF(E84="","",IF(W84="","",F84*(100%-H84/100)))) | H84: =IF(F84="","",IF(E84="","",IF(W84="","",$O$10*(($K$9*F84^$K$10)*($L$9*E84^$L$10)*(ABS(W84-(($J$8*E84^$J$9)*F84^$J$10+$J$7)))^$M$10)+$P$10))) | W84: =IF(J84="","",SUM(J84:S84))
J85: =IF(ISERROR(Grafik!D121),"",Grafik!D121) | K85: =IF(ISERROR(Grafik!E121),"",Grafik!E121) | L85: =IF(ISERROR(Grafik!F121),"",Grafik!F121) | M85: =IF(ISERROR(Grafik!G121),"",Grafik!G121) | N85: =IF(ISERROR(Grafik!H121),"",Grafik!H121) | O85: =IF(ISERROR(Grafik!I121),"",Grafik!I121) | P85: =IF(ISERROR(Grafik!J121),"",Grafik!J121) | Q85: =IF(ISERROR(Grafik!K121),"",Grafik!K121) | ... V85: =IF(ISERROR(Grafik!P121),"",Grafik!P121)
C86: =IF(B86="","",DATEDIF(Person!$C$22,B86,"y")) | G86: =IF(F86="","",IF(E86="","",IF(W86="","",F86*(100%-H86/100)))) | H86: =IF(F86="","",IF(E86="","",IF(W86="","",$O$10*(($K$9*F86^$K$10)*($L$9*E86^$L$10)*(ABS(W86-(($J$8*E86^$J$9)*F86^$J$10+$J$7)))^$M$10)+$P$10))) | W86: =IF(J86="","",SUM(J86:S86))
J87: =IF(ISERROR(Grafik!D123),"",Grafik!D123) | K87: =IF(ISERROR(Grafik!E123),"",Grafik!E123) | L87: =IF(ISERROR(Grafik!F123),"",Grafik!F123) | M87: =IF(ISERROR(Grafik!G123),"",Grafik!G123) | N87: =IF(ISERROR(Grafik!H123),"",Grafik!H123) | O87: =IF(ISERROR(Grafik!I123),"",Grafik!I123) | P87: =IF(ISERROR(Grafik!J123),"",Grafik!J123) | Q87: =IF(ISERROR(Grafik!K123),"",Grafik!K123) | ... V87: =IF(ISERROR(Grafik!P123),"",Grafik!P123)
C88: =IF(B88="","",DATEDIF(Person!$C$22,B88,"y")) | G88: =IF(F88="","",IF(E88="","",IF(W88="","",F88*(100%-H88/100)))) | H88: =IF(F88="","",IF(E88="","",IF(W88="","",$O$10*(($K$9*F88^$K$10)*($L$9*E88^$L$10)*(ABS(W88-(($J$8*E88^$J$9)*F88^$J$10+$J$7)))^$M$10)+$P$10))) | W88: =IF(J88="","",SUM(J88:S88))
J89: =IF(ISERROR(Grafik!D125),"",Grafik!D125) | K89: =IF(ISERROR(Grafik!E125),"",Grafik!E125) | L89: =IF(ISERROR(Grafik!F125),"",Grafik!F125) | M89: =IF(ISERROR(Grafik!G125),"",Grafik!G125) | N89: =IF(ISERROR(Grafik!H125),"",Grafik!H125) | O89: =IF(ISERROR(Grafik!I125),"",Grafik!I125) | P89: =IF(ISERROR(Grafik!J125),"",Grafik!J125) | Q89: =IF(ISERROR(Grafik!K125),"",Grafik!K125) | ... V89: =IF(ISERROR(Grafik!P125),"",Grafik!P125)
C90: =IF(B90="","",DATEDIF(Person!$C$22,B90,"y")) | G90: =IF(F90="","",IF(E90="","",IF(W90="","",F90*(100%-H90/100)))) | H90: =IF(F90="","",IF(E90="","",IF(W90="","",$O$10*(($K$9*F90^$K$10)*($L$9*E90^$L$10)*(ABS(W90-(($J$8*E90^$J$9)*F90^$J$10+$J$7)))^$M$10)+$P$10))) | W90: =IF(J90="","",SUM(J90:S90))
J91: =IF(ISERROR(Grafik!D127),"",Grafik!D127) | K91: =IF(ISERROR(Grafik!E127),"",Grafik!E127) | L91: =IF(ISERROR(Grafik!F127),"",Grafik!F127) | M91: =IF(ISERROR(Grafik!G127),"",Grafik!G127) | N91: =IF(ISERROR(Grafik!H127),"",Grafik!H127) | O91: =IF(ISERROR(Grafik!I127),"",Grafik!I127) | P91: =IF(ISERROR(Grafik!J127),"",Grafik!J127) | Q91: =IF(ISERROR(Grafik!K127),"",Grafik!K127) | ... V91: =IF(ISERROR(Grafik!P127),"",Grafik!P127)
C92: =IF(B92="","",DATEDIF(Person!$C$22,B92,"y")) | G92: =IF(F92="","",IF(E92="","",IF(W92="","",F92*(100%-H92/100)))) | H92: =IF(F92="","",IF(E92="","",IF(W92="","",$O$10*(($K$9*F92^$K$10)*($L$9*E92^$L$10)*(ABS(W92-(($J$8*E92^$J$9)*F92^$J$10+$J$7)))^$M$10)+$P$10))) | W92: =IF(J92="","",SUM(J92:S92))
J93: =IF(ISERROR(Grafik!D129),"",Grafik!D129) | K93: =IF(ISERROR(Grafik!E129),"",Grafik!E129) | L93: =IF(ISERROR(Grafik!F129),"",Grafik!F129) | M93: =IF(ISERROR(Grafik!G129),"",Grafik!G129) | N93: =IF(ISERROR(Grafik!H129),"",Grafik!H129) | O93: =IF(ISERROR(Grafik!I129),"",Grafik!I129) | P93: =IF(ISERROR(Grafik!J129),"",Grafik!J129) | Q93: =IF(ISERROR(Grafik!K129),"",Grafik!K129) | ... V93: =IF(ISERROR(Grafik!P129),"",Grafik!P129)
C94: =IF(B94="","",DATEDIF(Person!$C$22,B94,"y")) | G94: =IF(F94="","",IF(E94="","",IF(W94="","",F94*(100%-H94/100)))) | H94: =IF(F94="","",IF(E94="","",IF(W94="","",$O$10*(($K$9*F94^$K$10)*($L$9*E94^$L$10)*(ABS(W94-(($J$8*E94^$J$9)*F94^$J$10+$J$7)))^$M$10)+$P$10))) | W94: =IF(J94="","",SUM(J94:S94))
J95: =IF(ISERROR(Grafik!D131),"",Grafik!D131) | K95: =IF(ISERROR(Grafik!E131),"",Grafik!E131) | L95: =IF(ISERROR(Grafik!F131),"",Grafik!F131) | M95: =IF(ISERROR(Grafik!G131),"",Grafik!G131) | N95: =IF(ISERROR(Grafik!H131),"",Grafik!H131) | O95: =IF(ISERROR(Grafik!I131),"",Grafik!I131) | P95: =IF(ISERROR(Grafik!J131),"",Grafik!J131) | Q95: =IF(ISERROR(Grafik!K131),"",Grafik!K131) | ... V95: =IF(ISERROR(Grafik!P131),"",Grafik!P131)
C96: =IF(B96="","",DATEDIF(Person!$C$22,B96,"y")) | G96: =IF(F96="","",IF(E96="","",IF(W96="","",F96*(100%-H96/100)))) | H96: =IF(F96="","",IF(E96="","",IF(W96="","",$O$10*(($K$9*F96^$K$10)*($L$9*E96^$L$10)*(ABS(W96-(($J$8*E96^$J$9)*F96^$J$10+$J$7)))^$M$10)+$P$10))) | W96: =IF(J96="","",SUM(J96:S96))
J97: =IF(ISERROR(Grafik!D133),"",Grafik!D133) | K97: =IF(ISERROR(Grafik!E133),"",Grafik!E133) | L97: =IF(ISERROR(Grafik!F133),"",Grafik!F133) | M97: =IF(ISERROR(Grafik!G133),"",Grafik!G133) | N97: =IF(ISERROR(Grafik!H133),"",Grafik!H133) | O97: =IF(ISERROR(Grafik!I133),"",Grafik!I133) | P97: =IF(ISERROR(Grafik!J133),"",Grafik!J133) | Q97: =IF(ISERROR(Grafik!K133),"",Grafik!K133) | ... V97: =IF(ISERROR(Grafik!P133),"",Grafik!P133)
C98: =IF(B98="","",DATEDIF(Person!$C$22,B98,"y")) | G98: =IF(F98="","",IF(E98="","",IF(W98="","",F98*(100%-H98/100)))) | H98: =IF(F98="","",IF(E98="","",IF(W98="","",$O$10*(($K$9*F98^$K$10)*($L$9*E98^$L$10)*(ABS(W98-(($J$8*E98^$J$9)*F98^$J$10+$J$7)))^$M$10)+$P$10))) | W98: =IF(J98="","",SUM(J98:S98))
J99: =IF(ISERROR(Grafik!D135),"",Grafik!D135) | K99: =IF(ISERROR(Grafik!E135),"",Grafik!E135) | L99: =IF(ISERROR(Grafik!F135),"",Grafik!F135) | M99: =IF(ISERROR(Grafik!G135),"",Grafik!G135) | N99: =IF(ISERROR(Grafik!H135),"",Grafik!H135) | O99: =IF(ISERROR(Grafik!I135),"",Grafik!I135) | P99: =IF(ISERROR(Grafik!J135),"",Grafik!J135) | Q99: =IF(ISERROR(Grafik!K135),"",Grafik!K135) | ... V99: =IF(ISERROR(Grafik!P135),"",Grafik!P135)
C100: =IF(B100="","",DATEDIF(Person!$C$22,B100,"y")) | G100: =IF(F100="","",IF(E100="","",IF(W100="","",F100*(100%-H100/100)))) | H100: =IF(F100="","",IF(E100="","",IF(W100="","",$O$10*(($K$9*F100^$K$10)*($L$9*E100^$L$10)*(ABS(W100-(($J$8*E100^$J$9)*F100^$J$10+$J$7)))^$M$10)+$P$10))) | W100: =IF(J100="","",SUM(J100:S100))
J101: =IF(ISERROR(Grafik!D137),"",Grafik!D137) | K101: =IF(ISERROR(Grafik!E137),"",Grafik!E137) | L101: =IF(ISERROR(Grafik!F137),"",Grafik!F137) | M101: =IF(ISERROR(Grafik!G137),"",Grafik!G137) | N101: =IF(ISERROR(Grafik!H137),"",Grafik!H137) | O101: =IF(ISERROR(Grafik!I137),"",Grafik!I137) | P101: =IF(ISERROR(Grafik!J137),"",Grafik!J137) | Q101: =IF(ISERROR(Grafik!K137),"",Grafik!K137) | ... V101: =IF(ISERROR(Grafik!P137),"",Grafik!P137)
C102: =IF(B102="","",DATEDIF(Person!$C$22,B102,"y")) | G102: =IF(F102="","",IF(E102="","",IF(W102="","",F102*(100%-H102/100)))) | H102: =IF(F102="","",IF(E102="","",IF(W102="","",$O$10*(($K$9*F102^$K$10)*($L$9*E102^$L$10)*(ABS(W102-(($J$8*E102^$J$9)*F102^$J$10+$J$7)))^$M$10)+$P$10))) | W102: =IF(J102="","",SUM(J102:S102))
J103: =IF(ISERROR(Grafik!D139),"",Grafik!D139) | K103: =IF(ISERROR(Grafik!E139),"",Grafik!E139) | L103: =IF(ISERROR(Grafik!F139),"",Grafik!F139) | M103: =IF(ISERROR(Grafik!G139),"",Grafik!G139) | N103: =IF(ISERROR(Grafik!H139),"",Grafik!H139) | O103: =IF(ISERROR(Grafik!I139),"",Grafik!I139) | P103: =IF(ISERROR(Grafik!J139),"",Grafik!J139) | Q103: =IF(ISERROR(Grafik!K139),"",Grafik!K139) | ... V103: =IF(ISERROR(Grafik!P139),"",Grafik!P139)
C104: =IF(B104="","",DATEDIF(Person!$C$22,B104,"y")) | G104: =IF(F104="","",IF(E104="","",IF(W104="","",F104*(100%-H104/100)))) | H104: =IF(F104="","",IF(E104="","",IF(W104="","",$O$10*(($K$9*F104^$K$10)*($L$9*E104^$L$10)*(ABS(W104-(($J$8*E104^$J$9)*F104^$J$10+$J$7)))^$M$10)+$P$10))) | W104: =IF(J104="","",SUM(J104:S104))
J105: =IF(ISERROR(Grafik!D141),"",Grafik!D141) | K105: =IF(ISERROR(Grafik!E141),"",Grafik!E141) | L105: =IF(ISERROR(Grafik!F141),"",Grafik!F141) | M105: =IF(ISERROR(Grafik!G141),"",Grafik!G141) | N105: =IF(ISERROR(Grafik!H141),"",Grafik!H141) | O105: =IF(ISERROR(Grafik!I141),"",Grafik!I141) | P105: =IF(ISERROR(Grafik!J141),"",Grafik!J141) | Q105: =IF(ISERROR(Grafik!K141),"",Grafik!K141) | ... V105: =IF(ISERROR(Grafik!P141),"",Grafik!P141)
C106: =IF(B106="","",DATEDIF(Person!$C$22,B106,"y")) | G106: =IF(F106="","",IF(E106="","",IF(W106="","",F106*(100%-H106/100)))) | H106: =IF(F106="","",IF(E106="","",IF(W106="","",$O$10*(($K$9*F106^$K$10)*($L$9*E106^$L$10)*(ABS(W106-(($J$8*E106^$J$9)*F106^$J$10+$J$7)))^$M$10)+$P$10))) | W106: =IF(J106="","",SUM(J106:S106))
...

Sheet Grafik
B10: Körperfettmessung - Verlauf
C40: Soll-Wertebereich | R40: Rating
D43: Kinn | E43: Wange | F43: Brust | G43: Trizeps | H43: Schulter- blatt | I43: Rippe | J43: Hüfte | K43: Bauch | L43: Knie | M43: Waden | N43: v. Ober- schenkel | O43: h. Ober- schenkel | P43: Bizeps
B44: Männer | C44: MIN | D44: 1.3 | E44: 1.97 | F44: 0.78 | G44: 1 | H44: 2.1 | I44: 1.23 | J44: 2 | K44: 1.96 | L44: 1.51 | M44: 0.91 | N44: 1.25 | O44: 1.25 | P44: 0.83 | R44: 1 | S44: 2 | T44: 3 | U44: 4 | V44: 5 | W44: 6 | X44: 7 | Y44: 8 | Z44: 9 | AA44: 10 | AB44: 11 | AC44: 12 | AD44: 13
C45: MITTEL | D45: =AVERAGE(D44,D46) -> 1.405 | E45: =AVERAGE(E44,E46) -> 1.985 | F45: =AVERAGE(F44,F46) -> 0.795 | G45: =AVERAGE(G44,G46) -> 1 | H45: =AVERAGE(H44,H46) -> 2.255 | I45: =AVERAGE(I44,I46) -> 1.405 | J45: =AVERAGE(J44,J46) -> 2.15 | K45: =AVERAGE(K44,K46) -> 2.01 | ... P45: =AVERAGE(P44,P46) -> 0.84
C46: MAX | D46: 1.51 | E46: 2 | F46: 0.81 | G46: 1 | H46: 2.41 | I46: 1.58 | J46: 2.3 | K46: 2.06 | L46: 1.74 | M46: 0.99 | N46: 1.4 | O46: 1.4 | P46: 0.85
B47: Frauen | C47: MIN | D47: 0.59 | E47: 0.82 | F47: 0.33 | G47: 1 | H47: 0.74 | I47: 0.6 | J47: 0.64 | K47: 0.71 | L47: 0.58 | M47: 0.82 | N47: 1.69 | O47: 1.69 | P47: 0.41
C48: MITTEL | D48: =AVERAGE(D47,D49) -> 0.655 | E48: =AVERAGE(E47,E49) -> 0.87 | F48: =AVERAGE(F47,F49) -> 0.34 | G48: =AVERAGE(G47,G49) -> 1 | H48: =AVERAGE(H47,H49) -> 0.87 | I48: =AVERAGE(I47,I49) -> 0.705 | J48: =AVERAGE(J47,J49) -> 0.775 | K48: =AVERAGE(K47,K49) -> 0.815 | ... P48: =AVERAGE(P47,P49) -> 0.45
C49: MAX | D49: 0.72 | E49: 0.92 | F49: 0.35 | G49: 1 | H49: 1 | I49: 0.81 | J49: 0.91 | K49: 0.92 | L49: 0.62 | M49: 0.91 | N49: 1.8 | O49: 1.8 | P49: 0.49
D50: =IF(Tracking!J14="","",IF(Person!$C$20="m",ABS((Tracking!J14/4-D$45)),ABS((Tracking!J14/4-D$48)))) | E50: =IF(Tracking!K14="","",IF(Person!$C$20="m",ABS((Tracking!K14/4-E$45)),ABS((Tracking!K14/4-E$48)))) | F50: =IF(Tracking!L14="","",IF(Person!$C$20="m",ABS((Tracking!L14/4-F$45)),ABS((Tracking!L14/4-F$48)))) | G50: =IF(Tracking!M14="","",IF(Person!$C$20="m",ABS((Tracking!M14/4-G$45)),ABS((Tracking!M14/4-G$48)))) | H50: =IF(Tracking!N14="","",IF(Person!$C$20="m",ABS((Tracking!N14/4-H$45)),ABS((Tracking!N14/4-H$48)))) | I50: =IF(Tracking!O14="","",IF(Person!$C$20="m",ABS((Tracking!O14/4-I$45)),ABS((Tracking!O14/4-I$48)))) | J50: =IF(Tracking!P14="","",IF(Person!$C$20="m",ABS((Tracking!P14/4-J$45)),ABS((Tracking!P14/4-J$48)))) | K50: =IF(Tracking!Q14="","",IF(Person!$C$20="m",ABS((Tracking!Q14/4-K$45)),ABS((Tracking!Q14/4-K$48)))) | ... P50: =IF(Tracking!V14="","",IF(Person!$C$20="m",ABS((Tracking!V14/4-P$45)),ABS((Tracking!V14/4-P$48)))) | R50: =IF(ISERROR(LARGE($D50:$P50,R$44)),"",LARGE($D50:$P50,R$44)) | S50: =IF(ISERROR(LARGE($D50:$P50,S$44)),"",LARGE($D50:$P50,S$44)) | T50: =IF(ISERROR(LARGE($D50:$P50,T$44)),"",LARGE($D50:$P50,T$44)) | U50: =IF(ISERROR(LARGE($D50:$P50,U$44)),"",LARGE($D50:$P50,U$44)) | V50: =IF(ISERROR(LARGE($D50:$P50,V$44)),"",LARGE($D50:$P50,V$44)) | W50: =IF(ISERROR(LARGE($D50:$P50,W$44)),"",LARGE($D50:$P50,W$44)) | X50: =IF(ISERROR(LARGE($D50:$P50,X$44)),"",LARGE($D50:$P50,X$44)) | Y50: =IF(ISERROR(LARGE($D50:$P50,Y$44)),"",LARGE($D50:$P50,Y$44)) | ... AD50: =IF(ISERROR(LARGE($D50:$P50,AD$44)),"",LARGE($D50:$P50,AD$44))
D51: =IF(D50="","",IF(D50=$R50,1,IF(D50=$S50,2,IF(D50=$T50,3,IF(D50=$U50,4,IF(D50=$V50,5,IF(D50=$W50,6,IF(D50=$X50,7,IF(D50=$Y50,8,IF(D50=$Z50,9,IF(D50=$AA50,10,IF(D50=$AB50,11,IF(D50=$AC50,12,IF(D50=$AD50,13)))))))))))))) | E51: =IF(E50="","",IF(E50=$R50,1,IF(E50=$S50,2,IF(E50=$T50,3,IF(E50=$U50,4,IF(E50=$V50,5,IF(E50=$W50,6,IF(E50=$X50,7,IF(E50=$Y50,8,IF(E50=$Z50,9,IF(E50=$AA50,10,IF(E50=$AB50,11,IF(E50=$AC50,12,IF(E50=$AD50,13)))))))))))))) | F51: =IF(F50="","",IF(F50=$R50,1,IF(F50=$S50,2,IF(F50=$T50,3,IF(F50=$U50,4,IF(F50=$V50,5,IF(F50=$W50,6,IF(F50=$X50,7,IF(F50=$Y50,8,IF(F50=$Z50,9,IF(F50=$AA50,10,IF(F50=$AB50,11,IF(F50=$AC50,12,IF(F50=$AD50,13)))))))))))))) | G51: =IF(G50="","",IF(G50=$R50,1,IF(G50=$S50,2,IF(G50=$T50,3,IF(G50=$U50,4,IF(G50=$V50,5,IF(G50=$W50,6,IF(G50=$X50,7,IF(G50=$Y50,8,IF(G50=$Z50,9,IF(G50=$AA50,10,IF(G50=$AB50,11,IF(G50=$AC50,12,IF(G50=$AD50,13)))))))))))))) | H51: =IF(H50="","",IF(H50=$R50,1,IF(H50=$S50,2,IF(H50=$T50,3,IF(H50=$U50,4,IF(H50=$V50,5,IF(H50=$W50,6,IF(H50=$X50,7,IF(H50=$Y50,8,IF(H50=$Z50,9,IF(H50=$AA50,10,IF(H50=$AB50,11,IF(H50=$AC50,12,IF(H50=$AD50,13)))))))))))))) | I51: =IF(I50="","",IF(I50=$R50,1,IF(I50=$S50,2,IF(I50=$T50,3,IF(I50=$U50,4,IF(I50=$V50,5,IF(I50=$W50,6,IF(I50=$X50,7,IF(I50=$Y50,8,IF(I50=$Z50,9,IF(I50=$AA50,10,IF(I50=$AB50,11,IF(I50=$AC50,12,IF(I50=$AD50,13)))))))))))))) | J51: =IF(J50="","",IF(J50=$R50,1,IF(J50=$S50,2,IF(J50=$T50,3,IF(J50=$U50,4,IF(J50=$V50,5,IF(J50=$W50,6,IF(J50=$X50,7,IF(J50=$Y50,8,IF(J50=$Z50,9,IF(J50=$AA50,10,IF(J50=$AB50,11,IF(J50=$AC50,12,IF(J50=$AD50,13)))))))))))))) | K51: =IF(K50="","",IF(K50=$R50,1,IF(K50=$S50,2,IF(K50=$T50,3,IF(K50=$U50,4,IF(K50=$V50,5,IF(K50=$W50,6,IF(K50=$X50,7,IF(K50=$Y50,8,IF(K50=$Z50,9,IF(K50=$AA50,10,IF(K50=$AB50,11,IF(K50=$AC50,12,IF(K50=$AD50,13)))))))))))))) | ... P51: =IF(P50="","",IF(P50=$R50,1,IF(P50=$S50,2,IF(P50=$T50,3,IF(P50=$U50,4,IF(P50=$V50,5,IF(P50=$W50,6,IF(P50=$X50,7,IF(P50=$Y50,8,IF(P50=$Z50,9,IF(P50=$AA50,10,IF(P50=$AB50,11,IF(P50=$AC50,12,IF(P50=$AD50,13))))))))))))))
D52: =IF(Tracking!J16="","",IF(Person!$C$20="m",ABS((Tracking!J16/4-D$45)),ABS((Tracking!J16/4-D$48)))) | E52: =IF(Tracking!K16="","",IF(Person!$C$20="m",ABS((Tracking!K16/4-E$45)),ABS((Tracking!K16/4-E$48)))) | F52: =IF(Tracking!L16="","",IF(Person!$C$20="m",ABS((Tracking!L16/4-F$45)),ABS((Tracking!L16/4-F$48)))) | G52: =IF(Tracking!M16="","",IF(Person!$C$20="m",ABS((Tracking!M16/4-G$45)),ABS((Tracking!M16/4-G$48)))) | H52: =IF(Tracking!N16="","",IF(Person!$C$20="m",ABS((Tracking!N16/4-H$45)),ABS((Tracking!N16/4-H$48)))) | I52: =IF(Tracking!O16="","",IF(Person!$C$20="m",ABS((Tracking!O16/4-I$45)),ABS((Tracking!O16/4-I$48)))) | J52: =IF(Tracking!P16="","",IF(Person!$C$20="m",ABS((Tracking!P16/4-J$45)),ABS((Tracking!P16/4-J$48)))) | K52: =IF(Tracking!Q16="","",IF(Person!$C$20="m",ABS((Tracking!Q16/4-K$45)),ABS((Tracking!Q16/4-K$48)))) | ... P52: =IF(Tracking!V16="","",IF(Person!$C$20="m",ABS((Tracking!V16/4-P$45)),ABS((Tracking!V16/4-P$48)))) | R52: =IF(ISERROR(LARGE($D52:$P52,R$44)),"",LARGE($D52:$P52,R$44)) | S52: =IF(ISERROR(LARGE($D52:$P52,S$44)),"",LARGE($D52:$P52,S$44)) | T52: =IF(ISERROR(LARGE($D52:$P52,T$44)),"",LARGE($D52:$P52,T$44)) | U52: =IF(ISERROR(LARGE($D52:$P52,U$44)),"",LARGE($D52:$P52,U$44)) | V52: =IF(ISERROR(LARGE($D52:$P52,V$44)),"",LARGE($D52:$P52,V$44)) | W52: =IF(ISERROR(LARGE($D52:$P52,W$44)),"",LARGE($D52:$P52,W$44)) | X52: =IF(ISERROR(LARGE($D52:$P52,X$44)),"",LARGE($D52:$P52,X$44)) | Y52: =IF(ISERROR(LARGE($D52:$P52,Y$44)),"",LARGE($D52:$P52,Y$44)) | ... AD52: =IF(ISERROR(LARGE($D52:$P52,AD$44)),"",LARGE($D52:$P52,AD$44))
D53: =IF(D52="","",IF(D52=$R52,1,IF(D52=$S52,2,IF(D52=$T52,3,IF(D52=$U52,4,IF(D52=$V52,5,IF(D52=$W52,6,IF(D52=$X52,7,IF(D52=$Y52,8,IF(D52=$Z52,9,IF(D52=$AA52,10,IF(D52=$AB52,11,IF(D52=$AC52,12,IF(D52=$AD52,13)))))))))))))) | E53: =IF(E52="","",IF(E52=$R52,1,IF(E52=$S52,2,IF(E52=$T52,3,IF(E52=$U52,4,IF(E52=$V52,5,IF(E52=$W52,6,IF(E52=$X52,7,IF(E52=$Y52,8,IF(E52=$Z52,9,IF(E52=$AA52,10,IF(E52=$AB52,11,IF(E52=$AC52,12,IF(E52=$AD52,13)))))))))))))) | F53: =IF(F52="","",IF(F52=$R52,1,IF(F52=$S52,2,IF(F52=$T52,3,IF(F52=$U52,4,IF(F52=$V52,5,IF(F52=$W52,6,IF(F52=$X52,7,IF(F52=$Y52,8,IF(F52=$Z52,9,IF(F52=$AA52,10,IF(F52=$AB52,11,IF(F52=$AC52,12,IF(F52=$AD52,13)))))))))))))) | G53: =IF(G52="","",IF(G52=$R52,1,IF(G52=$S52,2,IF(G52=$T52,3,IF(G52=$U52,4,IF(G52=$V52,5,IF(G52=$W52,6,IF(G52=$X52,7,IF(G52=$Y52,8,IF(G52=$Z52,9,IF(G52=$AA52,10,IF(G52=$AB52,11,IF(G52=$AC52,12,IF(G52=$AD52,13)))))))))))))) | H53: =IF(H52="","",IF(H52=$R52,1,IF(H52=$S52,2,IF(H52=$T52,3,IF(H52=$U52,4,IF(H52=$V52,5,IF(H52=$W52,6,IF(H52=$X52,7,IF(H52=$Y52,8,IF(H52=$Z52,9,IF(H52=$AA52,10,IF(H52=$AB52,11,IF(H52=$AC52,12,IF(H52=$AD52,13)))))))))))))) | I53: =IF(I52="","",IF(I52=$R52,1,IF(I52=$S52,2,IF(I52=$T52,3,IF(I52=$U52,4,IF(I52=$V52,5,IF(I52=$W52,6,IF(I52=$X52,7,IF(I52=$Y52,8,IF(I52=$Z52,9,IF(I52=$AA52,10,IF(I52=$AB52,11,IF(I52=$AC52,12,IF(I52=$AD52,13)))))))))))))) | J53: =IF(J52="","",IF(J52=$R52,1,IF(J52=$S52,2,IF(J52=$T52,3,IF(J52=$U52,4,IF(J52=$V52,5,IF(J52=$W52,6,IF(J52=$X52,7,IF(J52=$Y52,8,IF(J52=$Z52,9,IF(J52=$AA52,10,IF(J52=$AB52,11,IF(J52=$AC52,12,IF(J52=$AD52,13)))))))))))))) | K53: =IF(K52="","",IF(K52=$R52,1,IF(K52=$S52,2,IF(K52=$T52,3,IF(K52=$U52,4,IF(K52=$V52,5,IF(K52=$W52,6,IF(K52=$X52,7,IF(K52=$Y52,8,IF(K52=$Z52,9,IF(K52=$AA52,10,IF(K52=$AB52,11,IF(K52=$AC52,12,IF(K52=$AD52,13)))))))))))))) | ... P53: =IF(P52="","",IF(P52=$R52,1,IF(P52=$S52,2,IF(P52=$T52,3,IF(P52=$U52,4,IF(P52=$V52,5,IF(P52=$W52,6,IF(P52=$X52,7,IF(P52=$Y52,8,IF(P52=$Z52,9,IF(P52=$AA52,10,IF(P52=$AB52,11,IF(P52=$AC52,12,IF(P52=$AD52,13))))))))))))))
D54: =IF(Tracking!J18="","",IF(Person!$C$20="m",ABS((Tracking!J18/4-D$45)),ABS((Tracking!J18/4-D$48)))) | E54: =IF(Tracking!K18="","",IF(Person!$C$20="m",ABS((Tracking!K18/4-E$45)),ABS((Tracking!K18/4-E$48)))) | F54: =IF(Tracking!L18="","",IF(Person!$C$20="m",ABS((Tracking!L18/4-F$45)),ABS((Tracking!L18/4-F$48)))) | G54: =IF(Tracking!M18="","",IF(Person!$C$20="m",ABS((Tracking!M18/4-G$45)),ABS((Tracking!M18/4-G$48)))) | H54: =IF(Tracking!N18="","",IF(Person!$C$20="m",ABS((Tracking!N18/4-H$45)),ABS((Tracking!N18/4-H$48)))) | I54: =IF(Tracking!O18="","",IF(Person!$C$20="m",ABS((Tracking!O18/4-I$45)),ABS((Tracking!O18/4-I$48)))) | J54: =IF(Tracking!P18="","",IF(Person!$C$20="m",ABS((Tracking!P18/4-J$45)),ABS((Tracking!P18/4-J$48)))) | K54: =IF(Tracking!Q18="","",IF(Person!$C$20="m",ABS((Tracking!Q18/4-K$45)),ABS((Tracking!Q18/4-K$48)))) | ... P54: =IF(Tracking!V18="","",IF(Person!$C$20="m",ABS((Tracking!V18/4-P$45)),ABS((Tracking!V18/4-P$48)))) | R54: =IF(ISERROR(LARGE($D54:$P54,R$44)),"",LARGE($D54:$P54,R$44)) | S54: =IF(ISERROR(LARGE($D54:$P54,S$44)),"",LARGE($D54:$P54,S$44)) | T54: =IF(ISERROR(LARGE($D54:$P54,T$44)),"",LARGE($D54:$P54,T$44)) | U54: =IF(ISERROR(LARGE($D54:$P54,U$44)),"",LARGE($D54:$P54,U$44)) | V54: =IF(ISERROR(LARGE($D54:$P54,V$44)),"",LARGE($D54:$P54,V$44)) | W54: =IF(ISERROR(LARGE($D54:$P54,W$44)),"",LARGE($D54:$P54,W$44)) | X54: =IF(ISERROR(LARGE($D54:$P54,X$44)),"",LARGE($D54:$P54,X$44)) | Y54: =IF(ISERROR(LARGE($D54:$P54,Y$44)),"",LARGE($D54:$P54,Y$44)) | ... AD54: =IF(ISERROR(LARGE($D54:$P54,AD$44)),"",LARGE($D54:$P54,AD$44))
D55: =IF(D54="","",IF(D54=$R54,1,IF(D54=$S54,2,IF(D54=$T54,3,IF(D54=$U54,4,IF(D54=$V54,5,IF(D54=$W54,6,IF(D54=$X54,7,IF(D54=$Y54,8,IF(D54=$Z54,9,IF(D54=$AA54,10,IF(D54=$AB54,11,IF(D54=$AC54,12,IF(D54=$AD54,13)))))))))))))) | E55: =IF(E54="","",IF(E54=$R54,1,IF(E54=$S54,2,IF(E54=$T54,3,IF(E54=$U54,4,IF(E54=$V54,5,IF(E54=$W54,6,IF(E54=$X54,7,IF(E54=$Y54,8,IF(E54=$Z54,9,IF(E54=$AA54,10,IF(E54=$AB54,11,IF(E54=$AC54,12,IF(E54=$AD54,13)))))))))))))) | F55: =IF(F54="","",IF(F54=$R54,1,IF(F54=$S54,2,IF(F54=$T54,3,IF(F54=$U54,4,IF(F54=$V54,5,IF(F54=$W54,6,IF(F54=$X54,7,IF(F54=$Y54,8,IF(F54=$Z54,9,IF(F54=$AA54,10,IF(F54=$AB54,11,IF(F54=$AC54,12,IF(F54=$AD54,13)))))))))))))) | G55: =IF(G54="","",IF(G54=$R54,1,IF(G54=$S54,2,IF(G54=$T54,3,IF(G54=$U54,4,IF(G54=$V54,5,IF(G54=$W54,6,IF(G54=$X54,7,IF(G54=$Y54,8,IF(G54=$Z54,9,IF(G54=$AA54,10,IF(G54=$AB54,11,IF(G54=$AC54,12,IF(G54=$AD54,13)))))))))))))) | H55: =IF(H54="","",IF(H54=$R54,1,IF(H54=$S54,2,IF(H54=$T54,3,IF(H54=$U54,4,IF(H54=$V54,5,IF(H54=$W54,6,IF(H54=$X54,7,IF(H54=$Y54,8,IF(H54=$Z54,9,IF(H54=$AA54,10,IF(H54=$AB54,11,IF(H54=$AC54,12,IF(H54=$AD54,13)))))))))))))) | I55: =IF(I54="","",IF(I54=$R54,1,IF(I54=$S54,2,IF(I54=$T54,3,IF(I54=$U54,4,IF(I54=$V54,5,IF(I54=$W54,6,IF(I54=$X54,7,IF(I54=$Y54,8,IF(I54=$Z54,9,IF(I54=$AA54,10,IF(I54=$AB54,11,IF(I54=$AC54,12,IF(I54=$AD54,13)))))))))))))) | J55: =IF(J54="","",IF(J54=$R54,1,IF(J54=$S54,2,IF(J54=$T54,3,IF(J54=$U54,4,IF(J54=$V54,5,IF(J54=$W54,6,IF(J54=$X54,7,IF(J54=$Y54,8,IF(J54=$Z54,9,IF(J54=$AA54,10,IF(J54=$AB54,11,IF(J54=$AC54,12,IF(J54=$AD54,13)))))))))))))) | K55: =IF(K54="","",IF(K54=$R54,1,IF(K54=$S54,2,IF(K54=$T54,3,IF(K54=$U54,4,IF(K54=$V54,5,IF(K54=$W54,6,IF(K54=$X54,7,IF(K54=$Y54,8,IF(K54=$Z54,9,IF(K54=$AA54,10,IF(K54=$AB54,11,IF(K54=$AC54,12,IF(K54=$AD54,13)))))))))))))) | ... P55: =IF(P54="","",IF(P54=$R54,1,IF(P54=$S54,2,IF(P54=$T54,3,IF(P54=$U54,4,IF(P54=$V54,5,IF(P54=$W54,6,IF(P54=$X54,7,IF(P54=$Y54,8,IF(P54=$Z54,9,IF(P54=$AA54,10,IF(P54=$AB54,11,IF(P54=$AC54,12,IF(P54=$AD54,13))))))))))))))
D56: =IF(Tracking!J20="","",IF(Person!$C$20="m",ABS((Tracking!J20/4-D$45)),ABS((Tracking!J20/4-D$48)))) | E56: =IF(Tracking!K20="","",IF(Person!$C$20="m",ABS((Tracking!K20/4-E$45)),ABS((Tracking!K20/4-E$48)))) | F56: =IF(Tracking!L20="","",IF(Person!$C$20="m",ABS((Tracking!L20/4-F$45)),ABS((Tracking!L20/4-F$48)))) | G56: =IF(Tracking!M20="","",IF(Person!$C$20="m",ABS((Tracking!M20/4-G$45)),ABS((Tracking!M20/4-G$48)))) | H56: =IF(Tracking!N20="","",IF(Person!$C$20="m",ABS((Tracking!N20/4-H$45)),ABS((Tracking!N20/4-H$48)))) | I56: =IF(Tracking!O20="","",IF(Person!$C$20="m",ABS((Tracking!O20/4-I$45)),ABS((Tracking!O20/4-I$48)))) | J56: =IF(Tracking!P20="","",IF(Person!$C$20="m",ABS((Tracking!P20/4-J$45)),ABS((Tracking!P20/4-J$48)))) | K56: =IF(Tracking!Q20="","",IF(Person!$C$20="m",ABS((Tracking!Q20/4-K$45)),ABS((Tracking!Q20/4-K$48)))) | ... P56: =IF(Tracking!V20="","",IF(Person!$C$20="m",ABS((Tracking!V20/4-P$45)),ABS((Tracking!V20/4-P$48)))) | R56: =IF(ISERROR(LARGE($D56:$P56,R$44)),"",LARGE($D56:$P56,R$44)) | S56: =IF(ISERROR(LARGE($D56:$P56,S$44)),"",LARGE($D56:$P56,S$44)) | T56: =IF(ISERROR(LARGE($D56:$P56,T$44)),"",LARGE($D56:$P56,T$44)) | U56: =IF(ISERROR(LARGE($D56:$P56,U$44)),"",LARGE($D56:$P56,U$44)) | V56: =IF(ISERROR(LARGE($D56:$P56,V$44)),"",LARGE($D56:$P56,V$44)) | W56: =IF(ISERROR(LARGE($D56:$P56,W$44)),"",LARGE($D56:$P56,W$44)) | X56: =IF(ISERROR(LARGE($D56:$P56,X$44)),"",LARGE($D56:$P56,X$44)) | Y56: =IF(ISERROR(LARGE($D56:$P56,Y$44)),"",LARGE($D56:$P56,Y$44)) | ... AD56: =IF(ISERROR(LARGE($D56:$P56,AD$44)),"",LARGE($D56:$P56,AD$44))
D57: =IF(D56="","",IF(D56=$R56,1,IF(D56=$S56,2,IF(D56=$T56,3,IF(D56=$U56,4,IF(D56=$V56,5,IF(D56=$W56,6,IF(D56=$X56,7,IF(D56=$Y56,8,IF(D56=$Z56,9,IF(D56=$AA56,10,IF(D56=$AB56,11,IF(D56=$AC56,12,IF(D56=$AD56,13)))))))))))))) | E57: =IF(E56="","",IF(E56=$R56,1,IF(E56=$S56,2,IF(E56=$T56,3,IF(E56=$U56,4,IF(E56=$V56,5,IF(E56=$W56,6,IF(E56=$X56,7,IF(E56=$Y56,8,IF(E56=$Z56,9,IF(E56=$AA56,10,IF(E56=$AB56,11,IF(E56=$AC56,12,IF(E56=$AD56,13)))))))))))))) | F57: =IF(F56="","",IF(F56=$R56,1,IF(F56=$S56,2,IF(F56=$T56,3,IF(F56=$U56,4,IF(F56=$V56,5,IF(F56=$W56,6,IF(F56=$X56,7,IF(F56=$Y56,8,IF(F56=$Z56,9,IF(F56=$AA56,10,IF(F56=$AB56,11,IF(F56=$AC56,12,IF(F56=$AD56,13)))))))))))))) | G57: =IF(G56="","",IF(G56=$R56,1,IF(G56=$S56,2,IF(G56=$T56,3,IF(G56=$U56,4,IF(G56=$V56,5,IF(G56=$W56,6,IF(G56=$X56,7,IF(G56=$Y56,8,IF(G56=$Z56,9,IF(G56=$AA56,10,IF(G56=$AB56,11,IF(G56=$AC56,12,IF(G56=$AD56,13)))))))))))))) | H57: =IF(H56="","",IF(H56=$R56,1,IF(H56=$S56,2,IF(H56=$T56,3,IF(H56=$U56,4,IF(H56=$V56,5,IF(H56=$W56,6,IF(H56=$X56,7,IF(H56=$Y56,8,IF(H56=$Z56,9,IF(H56=$AA56,10,IF(H56=$AB56,11,IF(H56=$AC56,12,IF(H56=$AD56,13)))))))))))))) | I57: =IF(I56="","",IF(I56=$R56,1,IF(I56=$S56,2,IF(I56=$T56,3,IF(I56=$U56,4,IF(I56=$V56,5,IF(I56=$W56,6,IF(I56=$X56,7,IF(I56=$Y56,8,IF(I56=$Z56,9,IF(I56=$AA56,10,IF(I56=$AB56,11,IF(I56=$AC56,12,IF(I56=$AD56,13)))))))))))))) | J57: =IF(J56="","",IF(J56=$R56,1,IF(J56=$S56,2,IF(J56=$T56,3,IF(J56=$U56,4,IF(J56=$V56,5,IF(J56=$W56,6,IF(J56=$X56,7,IF(J56=$Y56,8,IF(J56=$Z56,9,IF(J56=$AA56,10,IF(J56=$AB56,11,IF(J56=$AC56,12,IF(J56=$AD56,13)))))))))))))) | K57: =IF(K56="","",IF(K56=$R56,1,IF(K56=$S56,2,IF(K56=$T56,3,IF(K56=$U56,4,IF(K56=$V56,5,IF(K56=$W56,6,IF(K56=$X56,7,IF(K56=$Y56,8,IF(K56=$Z56,9,IF(K56=$AA56,10,IF(K56=$AB56,11,IF(K56=$AC56,12,IF(K56=$AD56,13)))))))))))))) | ... P57: =IF(P56="","",IF(P56=$R56,1,IF(P56=$S56,2,IF(P56=$T56,3,IF(P56=$U56,4,IF(P56=$V56,5,IF(P56=$W56,6,IF(P56=$X56,7,IF(P56=$Y56,8,IF(P56=$Z56,9,IF(P56=$AA56,10,IF(P56=$AB56,11,IF(P56=$AC56,12,IF(P56=$AD56,13))))))))))))))
D58: =IF(Tracking!J22="","",IF(Person!$C$20="m",ABS((Tracking!J22/4-D$45)),ABS((Tracking!J22/4-D$48)))) | E58: =IF(Tracking!K22="","",IF(Person!$C$20="m",ABS((Tracking!K22/4-E$45)),ABS((Tracking!K22/4-E$48)))) | F58: =IF(Tracking!L22="","",IF(Person!$C$20="m",ABS((Tracking!L22/4-F$45)),ABS((Tracking!L22/4-F$48)))) | G58: =IF(Tracking!M22="","",IF(Person!$C$20="m",ABS((Tracking!M22/4-G$45)),ABS((Tracking!M22/4-G$48)))) | H58: =IF(Tracking!N22="","",IF(Person!$C$20="m",ABS((Tracking!N22/4-H$45)),ABS((Tracking!N22/4-H$48)))) | I58: =IF(Tracking!O22="","",IF(Person!$C$20="m",ABS((Tracking!O22/4-I$45)),ABS((Tracking!O22/4-I$48)))) | J58: =IF(Tracking!P22="","",IF(Person!$C$20="m",ABS((Tracking!P22/4-J$45)),ABS((Tracking!P22/4-J$48)))) | K58: =IF(Tracking!Q22="","",IF(Person!$C$20="m",ABS((Tracking!Q22/4-K$45)),ABS((Tracking!Q22/4-K$48)))) | ... P58: =IF(Tracking!V22="","",IF(Person!$C$20="m",ABS((Tracking!V22/4-P$45)),ABS((Tracking!V22/4-P$48)))) | R58: =IF(ISERROR(LARGE($D58:$P58,R$44)),"",LARGE($D58:$P58,R$44)) | S58: =IF(ISERROR(LARGE($D58:$P58,S$44)),"",LARGE($D58:$P58,S$44)) | T58: =IF(ISERROR(LARGE($D58:$P58,T$44)),"",LARGE($D58:$P58,T$44)) | U58: =IF(ISERROR(LARGE($D58:$P58,U$44)),"",LARGE($D58:$P58,U$44)) | V58: =IF(ISERROR(LARGE($D58:$P58,V$44)),"",LARGE($D58:$P58,V$44)) | W58: =IF(ISERROR(LARGE($D58:$P58,W$44)),"",LARGE($D58:$P58,W$44)) | X58: =IF(ISERROR(LARGE($D58:$P58,X$44)),"",LARGE($D58:$P58,X$44)) | Y58: =IF(ISERROR(LARGE($D58:$P58,Y$44)),"",LARGE($D58:$P58,Y$44)) | ... AD58: =IF(ISERROR(LARGE($D58:$P58,AD$44)),"",LARGE($D58:$P58,AD$44))
D59: =IF(D58="","",IF(D58=$R58,1,IF(D58=$S58,2,IF(D58=$T58,3,IF(D58=$U58,4,IF(D58=$V58,5,IF(D58=$W58,6,IF(D58=$X58,7,IF(D58=$Y58,8,IF(D58=$Z58,9,IF(D58=$AA58,10,IF(D58=$AB58,11,IF(D58=$AC58,12,IF(D58=$AD58,13)))))))))))))) | E59: =IF(E58="","",IF(E58=$R58,1,IF(E58=$S58,2,IF(E58=$T58,3,IF(E58=$U58,4,IF(E58=$V58,5,IF(E58=$W58,6,IF(E58=$X58,7,IF(E58=$Y58,8,IF(E58=$Z58,9,IF(E58=$AA58,10,IF(E58=$AB58,11,IF(E58=$AC58,12,IF(E58=$AD58,13)))))))))))))) | F59: =IF(F58="","",IF(F58=$R58,1,IF(F58=$S58,2,IF(F58=$T58,3,IF(F58=$U58,4,IF(F58=$V58,5,IF(F58=$W58,6,IF(F58=$X58,7,IF(F58=$Y58,8,IF(F58=$Z58,9,IF(F58=$AA58,10,IF(F58=$AB58,11,IF(F58=$AC58,12,IF(F58=$AD58,13)))))))))))))) | G59: =IF(G58="","",IF(G58=$R58,1,IF(G58=$S58,2,IF(G58=$T58,3,IF(G58=$U58,4,IF(G58=$V58,5,IF(G58=$W58,6,IF(G58=$X58,7,IF(G58=$Y58,8,IF(G58=$Z58,9,IF(G58=$AA58,10,IF(G58=$AB58,11,IF(G58=$AC58,12,IF(G58=$AD58,13)))))))))))))) | H59: =IF(H58="","",IF(H58=$R58,1,IF(H58=$S58,2,IF(H58=$T58,3,IF(H58=$U58,4,IF(H58=$V58,5,IF(H58=$W58,6,IF(H58=$X58,7,IF(H58=$Y58,8,IF(H58=$Z58,9,IF(H58=$AA58,10,IF(H58=$AB58,11,IF(H58=$AC58,12,IF(H58=$AD58,13)))))))))))))) | I59: =IF(I58="","",IF(I58=$R58,1,IF(I58=$S58,2,IF(I58=$T58,3,IF(I58=$U58,4,IF(I58=$V58,5,IF(I58=$W58,6,IF(I58=$X58,7,IF(I58=$Y58,8,IF(I58=$Z58,9,IF(I58=$AA58,10,IF(I58=$AB58,11,IF(I58=$AC58,12,IF(I58=$AD58,13)))))))))))))) | J59: =IF(J58="","",IF(J58=$R58,1,IF(J58=$S58,2,IF(J58=$T58,3,IF(J58=$U58,4,IF(J58=$V58,5,IF(J58=$W58,6,IF(J58=$X58,7,IF(J58=$Y58,8,IF(J58=$Z58,9,IF(J58=$AA58,10,IF(J58=$AB58,11,IF(J58=$AC58,12,IF(J58=$AD58,13)))))))))))))) | K59: =IF(K58="","",IF(K58=$R58,1,IF(K58=$S58,2,IF(K58=$T58,3,IF(K58=$U58,4,IF(K58=$V58,5,IF(K58=$W58,6,IF(K58=$X58,7,IF(K58=$Y58,8,IF(K58=$Z58,9,IF(K58=$AA58,10,IF(K58=$AB58,11,IF(K58=$AC58,12,IF(K58=$AD58,13)))))))))))))) | ... P59: =IF(P58="","",IF(P58=$R58,1,IF(P58=$S58,2,IF(P58=$T58,3,IF(P58=$U58,4,IF(P58=$V58,5,IF(P58=$W58,6,IF(P58=$X58,7,IF(P58=$Y58,8,IF(P58=$Z58,9,IF(P58=$AA58,10,IF(P58=$AB58,11,IF(P58=$AC58,12,IF(P58=$AD58,13))))))))))))))
D60: =IF(Tracking!J24="","",IF(Person!$C$20="m",ABS((Tracking!J24/4-D$45)),ABS((Tracking!J24/4-D$48)))) | E60: =IF(Tracking!K24="","",IF(Person!$C$20="m",ABS((Tracking!K24/4-E$45)),ABS((Tracking!K24/4-E$48)))) | F60: =IF(Tracking!L24="","",IF(Person!$C$20="m",ABS((Tracking!L24/4-F$45)),ABS((Tracking!L24/4-F$48)))) | G60: =IF(Tracking!M24="","",IF(Person!$C$20="m",ABS((Tracking!M24/4-G$45)),ABS((Tracking!M24/4-G$48)))) | H60: =IF(Tracking!N24="","",IF(Person!$C$20="m",ABS((Tracking!N24/4-H$45)),ABS((Tracking!N24/4-H$48)))) | I60: =IF(Tracking!O24="","",IF(Person!$C$20="m",ABS((Tracking!O24/4-I$45)),ABS((Tracking!O24/4-I$48)))) | J60: =IF(Tracking!P24="","",IF(Person!$C$20="m",ABS((Tracking!P24/4-J$45)),ABS((Tracking!P24/4-J$48)))) | K60: =IF(Tracking!Q24="","",IF(Person!$C$20="m",ABS((Tracking!Q24/4-K$45)),ABS((Tracking!Q24/4-K$48)))) | ... P60: =IF(Tracking!V24="","",IF(Person!$C$20="m",ABS((Tracking!V24/4-P$45)),ABS((Tracking!V24/4-P$48)))) | R60: =IF(ISERROR(LARGE($D60:$P60,R$44)),"",LARGE($D60:$P60,R$44)) | S60: =IF(ISERROR(LARGE($D60:$P60,S$44)),"",LARGE($D60:$P60,S$44)) | T60: =IF(ISERROR(LARGE($D60:$P60,T$44)),"",LARGE($D60:$P60,T$44)) | U60: =IF(ISERROR(LARGE($D60:$P60,U$44)),"",LARGE($D60:$P60,U$44)) | V60: =IF(ISERROR(LARGE($D60:$P60,V$44)),"",LARGE($D60:$P60,V$44)) | W60: =IF(ISERROR(LARGE($D60:$P60,W$44)),"",LARGE($D60:$P60,W$44)) | X60: =IF(ISERROR(LARGE($D60:$P60,X$44)),"",LARGE($D60:$P60,X$44)) | Y60: =IF(ISERROR(LARGE($D60:$P60,Y$44)),"",LARGE($D60:$P60,Y$44)) | ... AD60: =IF(ISERROR(LARGE($D60:$P60,AD$44)),"",LARGE($D60:$P60,AD$44))
D61: =IF(D60="","",IF(D60=$R60,1,IF(D60=$S60,2,IF(D60=$T60,3,IF(D60=$U60,4,IF(D60=$V60,5,IF(D60=$W60,6,IF(D60=$X60,7,IF(D60=$Y60,8,IF(D60=$Z60,9,IF(D60=$AA60,10,IF(D60=$AB60,11,IF(D60=$AC60,12,IF(D60=$AD60,13)))))))))))))) | E61: =IF(E60="","",IF(E60=$R60,1,IF(E60=$S60,2,IF(E60=$T60,3,IF(E60=$U60,4,IF(E60=$V60,5,IF(E60=$W60,6,IF(E60=$X60,7,IF(E60=$Y60,8,IF(E60=$Z60,9,IF(E60=$AA60,10,IF(E60=$AB60,11,IF(E60=$AC60,12,IF(E60=$AD60,13)))))))))))))) | F61: =IF(F60="","",IF(F60=$R60,1,IF(F60=$S60,2,IF(F60=$T60,3,IF(F60=$U60,4,IF(F60=$V60,5,IF(F60=$W60,6,IF(F60=$X60,7,IF(F60=$Y60,8,IF(F60=$Z60,9,IF(F60=$AA60,10,IF(F60=$AB60,11,IF(F60=$AC60,12,IF(F60=$AD60,13)))))))))))))) | G61: =IF(G60="","",IF(G60=$R60,1,IF(G60=$S60,2,IF(G60=$T60,3,IF(G60=$U60,4,IF(G60=$V60,5,IF(G60=$W60,6,IF(G60=$X60,7,IF(G60=$Y60,8,IF(G60=$Z60,9,IF(G60=$AA60,10,IF(G60=$AB60,11,IF(G60=$AC60,12,IF(G60=$AD60,13)))))))))))))) | H61: =IF(H60="","",IF(H60=$R60,1,IF(H60=$S60,2,IF(H60=$T60,3,IF(H60=$U60,4,IF(H60=$V60,5,IF(H60=$W60,6,IF(H60=$X60,7,IF(H60=$Y60,8,IF(H60=$Z60,9,IF(H60=$AA60,10,IF(H60=$AB60,11,IF(H60=$AC60,12,IF(H60=$AD60,13)))))))))))))) | I61: =IF(I60="","",IF(I60=$R60,1,IF(I60=$S60,2,IF(I60=$T60,3,IF(I60=$U60,4,IF(I60=$V60,5,IF(I60=$W60,6,IF(I60=$X60,7,IF(I60=$Y60,8,IF(I60=$Z60,9,IF(I60=$AA60,10,IF(I60=$AB60,11,IF(I60=$AC60,12,IF(I60=$AD60,13)))))))))))))) | J61: =IF(J60="","",IF(J60=$R60,1,IF(J60=$S60,2,IF(J60=$T60,3,IF(J60=$U60,4,IF(J60=$V60,5,IF(J60=$W60,6,IF(J60=$X60,7,IF(J60=$Y60,8,IF(J60=$Z60,9,IF(J60=$AA60,10,IF(J60=$AB60,11,IF(J60=$AC60,12,IF(J60=$AD60,13)))))))))))))) | K61: =IF(K60="","",IF(K60=$R60,1,IF(K60=$S60,2,IF(K60=$T60,3,IF(K60=$U60,4,IF(K60=$V60,5,IF(K60=$W60,6,IF(K60=$X60,7,IF(K60=$Y60,8,IF(K60=$Z60,9,IF(K60=$AA60,10,IF(K60=$AB60,11,IF(K60=$AC60,12,IF(K60=$AD60,13)))))))))))))) | ... P61: =IF(P60="","",IF(P60=$R60,1,IF(P60=$S60,2,IF(P60=$T60,3,IF(P60=$U60,4,IF(P60=$V60,5,IF(P60=$W60,6,IF(P60=$X60,7,IF(P60=$Y60,8,IF(P60=$Z60,9,IF(P60=$AA60,10,IF(P60=$AB60,11,IF(P60=$AC60,12,IF(P60=$AD60,13))))))))))))))
D62: =IF(Tracking!J26="","",IF(Person!$C$20="m",ABS((Tracking!J26/4-D$45)),ABS((Tracking!J26/4-D$48)))) | E62: =IF(Tracking!K26="","",IF(Person!$C$20="m",ABS((Tracking!K26/4-E$45)),ABS((Tracking!K26/4-E$48)))) | F62: =IF(Tracking!L26="","",IF(Person!$C$20="m",ABS((Tracking!L26/4-F$45)),ABS((Tracking!L26/4-F$48)))) | G62: =IF(Tracking!M26="","",IF(Person!$C$20="m",ABS((Tracking!M26/4-G$45)),ABS((Tracking!M26/4-G$48)))) | H62: =IF(Tracking!N26="","",IF(Person!$C$20="m",ABS((Tracking!N26/4-H$45)),ABS((Tracking!N26/4-H$48)))) | I62: =IF(Tracking!O26="","",IF(Person!$C$20="m",ABS((Tracking!O26/4-I$45)),ABS((Tracking!O26/4-I$48)))) | J62: =IF(Tracking!P26="","",IF(Person!$C$20="m",ABS((Tracking!P26/4-J$45)),ABS((Tracking!P26/4-J$48)))) | K62: =IF(Tracking!Q26="","",IF(Person!$C$20="m",ABS((Tracking!Q26/4-K$45)),ABS((Tracking!Q26/4-K$48)))) | ... P62: =IF(Tracking!V26="","",IF(Person!$C$20="m",ABS((Tracking!V26/4-P$45)),ABS((Tracking!V26/4-P$48)))) | R62: =IF(ISERROR(LARGE($D62:$P62,R$44)),"",LARGE($D62:$P62,R$44)) | S62: =IF(ISERROR(LARGE($D62:$P62,S$44)),"",LARGE($D62:$P62,S$44)) | T62: =IF(ISERROR(LARGE($D62:$P62,T$44)),"",LARGE($D62:$P62,T$44)) | U62: =IF(ISERROR(LARGE($D62:$P62,U$44)),"",LARGE($D62:$P62,U$44)) | V62: =IF(ISERROR(LARGE($D62:$P62,V$44)),"",LARGE($D62:$P62,V$44)) | W62: =IF(ISERROR(LARGE($D62:$P62,W$44)),"",LARGE($D62:$P62,W$44)) | X62: =IF(ISERROR(LARGE($D62:$P62,X$44)),"",LARGE($D62:$P62,X$44)) | Y62: =IF(ISERROR(LARGE($D62:$P62,Y$44)),"",LARGE($D62:$P62,Y$44)) | ... AD62: =IF(ISERROR(LARGE($D62:$P62,AD$44)),"",LARGE($D62:$P62,AD$44))
D63: =IF(D62="","",IF(D62=$R62,1,IF(D62=$S62,2,IF(D62=$T62,3,IF(D62=$U62,4,IF(D62=$V62,5,IF(D62=$W62,6,IF(D62=$X62,7,IF(D62=$Y62,8,IF(D62=$Z62,9,IF(D62=$AA62,10,IF(D62=$AB62,11,IF(D62=$AC62,12,IF(D62=$AD62,13)))))))))))))) | E63: =IF(E62="","",IF(E62=$R62,1,IF(E62=$S62,2,IF(E62=$T62,3,IF(E62=$U62,4,IF(E62=$V62,5,IF(E62=$W62,6,IF(E62=$X62,7,IF(E62=$Y62,8,IF(E62=$Z62,9,IF(E62=$AA62,10,IF(E62=$AB62,11,IF(E62=$AC62,12,IF(E62=$AD62,13)))))))))))))) | F63: =IF(F62="","",IF(F62=$R62,1,IF(F62=$S62,2,IF(F62=$T62,3,IF(F62=$U62,4,IF(F62=$V62,5,IF(F62=$W62,6,IF(F62=$X62,7,IF(F62=$Y62,8,IF(F62=$Z62,9,IF(F62=$AA62,10,IF(F62=$AB62,11,IF(F62=$AC62,12,IF(F62=$AD62,13)))))))))))))) | G63: =IF(G62="","",IF(G62=$R62,1,IF(G62=$S62,2,IF(G62=$T62,3,IF(G62=$U62,4,IF(G62=$V62,5,IF(G62=$W62,6,IF(G62=$X62,7,IF(G62=$Y62,8,IF(G62=$Z62,9,IF(G62=$AA62,10,IF(G62=$AB62,11,IF(G62=$AC62,12,IF(G62=$AD62,13)))))))))))))) | H63: =IF(H62="","",IF(H62=$R62,1,IF(H62=$S62,2,IF(H62=$T62,3,IF(H62=$U62,4,IF(H62=$V62,5,IF(H62=$W62,6,IF(H62=$X62,7,IF(H62=$Y62,8,IF(H62=$Z62,9,IF(H62=$AA62,10,IF(H62=$AB62,11,IF(H62=$AC62,12,IF(H62=$AD62,13)))))))))))))) | I63: =IF(I62="","",IF(I62=$R62,1,IF(I62=$S62,2,IF(I62=$T62,3,IF(I62=$U62,4,IF(I62=$V62,5,IF(I62=$W62,6,IF(I62=$X62,7,IF(I62=$Y62,8,IF(I62=$Z62,9,IF(I62=$AA62,10,IF(I62=$AB62,11,IF(I62=$AC62,12,IF(I62=$AD62,13)))))))))))))) | J63: =IF(J62="","",IF(J62=$R62,1,IF(J62=$S62,2,IF(J62=$T62,3,IF(J62=$U62,4,IF(J62=$V62,5,IF(J62=$W62,6,IF(J62=$X62,7,IF(J62=$Y62,8,IF(J62=$Z62,9,IF(J62=$AA62,10,IF(J62=$AB62,11,IF(J62=$AC62,12,IF(J62=$AD62,13)))))))))))))) | K63: =IF(K62="","",IF(K62=$R62,1,IF(K62=$S62,2,IF(K62=$T62,3,IF(K62=$U62,4,IF(K62=$V62,5,IF(K62=$W62,6,IF(K62=$X62,7,IF(K62=$Y62,8,IF(K62=$Z62,9,IF(K62=$AA62,10,IF(K62=$AB62,11,IF(K62=$AC62,12,IF(K62=$AD62,13)))))))))))))) | ... P63: =IF(P62="","",IF(P62=$R62,1,IF(P62=$S62,2,IF(P62=$T62,3,IF(P62=$U62,4,IF(P62=$V62,5,IF(P62=$W62,6,IF(P62=$X62,7,IF(P62=$Y62,8,IF(P62=$Z62,9,IF(P62=$AA62,10,IF(P62=$AB62,11,IF(P62=$AC62,12,IF(P62=$AD62,13))))))))))))))
D64: =IF(Tracking!J28="","",IF(Person!$C$20="m",ABS((Tracking!J28/4-D$45)),ABS((Tracking!J28/4-D$48)))) | E64: =IF(Tracking!K28="","",IF(Person!$C$20="m",ABS((Tracking!K28/4-E$45)),ABS((Tracking!K28/4-E$48)))) | F64: =IF(Tracking!L28="","",IF(Person!$C$20="m",ABS((Tracking!L28/4-F$45)),ABS((Tracking!L28/4-F$48)))) | G64: =IF(Tracking!M28="","",IF(Person!$C$20="m",ABS((Tracking!M28/4-G$45)),ABS((Tracking!M28/4-G$48)))) | H64: =IF(Tracking!N28="","",IF(Person!$C$20="m",ABS((Tracking!N28/4-H$45)),ABS((Tracking!N28/4-H$48)))) | I64: =IF(Tracking!O28="","",IF(Person!$C$20="m",ABS((Tracking!O28/4-I$45)),ABS((Tracking!O28/4-I$48)))) | J64: =IF(Tracking!P28="","",IF(Person!$C$20="m",ABS((Tracking!P28/4-J$45)),ABS((Tracking!P28/4-J$48)))) | K64: =IF(Tracking!Q28="","",IF(Person!$C$20="m",ABS((Tracking!Q28/4-K$45)),ABS((Tracking!Q28/4-K$48)))) | ... P64: =IF(Tracking!V28="","",IF(Person!$C$20="m",ABS((Tracking!V28/4-P$45)),ABS((Tracking!V28/4-P$48)))) | R64: =IF(ISERROR(LARGE($D64:$P64,R$44)),"",LARGE($D64:$P64,R$44)) | S64: =IF(ISERROR(LARGE($D64:$P64,S$44)),"",LARGE($D64:$P64,S$44)) | T64: =IF(ISERROR(LARGE($D64:$P64,T$44)),"",LARGE($D64:$P64,T$44)) | U64: =IF(ISERROR(LARGE($D64:$P64,U$44)),"",LARGE($D64:$P64,U$44)) | V64: =IF(ISERROR(LARGE($D64:$P64,V$44)),"",LARGE($D64:$P64,V$44)) | W64: =IF(ISERROR(LARGE($D64:$P64,W$44)),"",LARGE($D64:$P64,W$44)) | X64: =IF(ISERROR(LARGE($D64:$P64,X$44)),"",LARGE($D64:$P64,X$44)) | Y64: =IF(ISERROR(LARGE($D64:$P64,Y$44)),"",LARGE($D64:$P64,Y$44)) | ... AD64: =IF(ISERROR(LARGE($D64:$P64,AD$44)),"",LARGE($D64:$P64,AD$44))
D65: =IF(D64="","",IF(D64=$R64,1,IF(D64=$S64,2,IF(D64=$T64,3,IF(D64=$U64,4,IF(D64=$V64,5,IF(D64=$W64,6,IF(D64=$X64,7,IF(D64=$Y64,8,IF(D64=$Z64,9,IF(D64=$AA64,10,IF(D64=$AB64,11,IF(D64=$AC64,12,IF(D64=$AD64,13)))))))))))))) | E65: =IF(E64="","",IF(E64=$R64,1,IF(E64=$S64,2,IF(E64=$T64,3,IF(E64=$U64,4,IF(E64=$V64,5,IF(E64=$W64,6,IF(E64=$X64,7,IF(E64=$Y64,8,IF(E64=$Z64,9,IF(E64=$AA64,10,IF(E64=$AB64,11,IF(E64=$AC64,12,IF(E64=$AD64,13)))))))))))))) | F65: =IF(F64="","",IF(F64=$R64,1,IF(F64=$S64,2,IF(F64=$T64,3,IF(F64=$U64,4,IF(F64=$V64,5,IF(F64=$W64,6,IF(F64=$X64,7,IF(F64=$Y64,8,IF(F64=$Z64,9,IF(F64=$AA64,10,IF(F64=$AB64,11,IF(F64=$AC64,12,IF(F64=$AD64,13)))))))))))))) | G65: =IF(G64="","",IF(G64=$R64,1,IF(G64=$S64,2,IF(G64=$T64,3,IF(G64=$U64,4,IF(G64=$V64,5,IF(G64=$W64,6,IF(G64=$X64,7,IF(G64=$Y64,8,IF(G64=$Z64,9,IF(G64=$AA64,10,IF(G64=$AB64,11,IF(G64=$AC64,12,IF(G64=$AD64,13)))))))))))))) | H65: =IF(H64="","",IF(H64=$R64,1,IF(H64=$S64,2,IF(H64=$T64,3,IF(H64=$U64,4,IF(H64=$V64,5,IF(H64=$W64,6,IF(H64=$X64,7,IF(H64=$Y64,8,IF(H64=$Z64,9,IF(H64=$AA64,10,IF(H64=$AB64,11,IF(H64=$AC64,12,IF(H64=$AD64,13)))))))))))))) | I65: =IF(I64="","",IF(I64=$R64,1,IF(I64=$S64,2,IF(I64=$T64,3,IF(I64=$U64,4,IF(I64=$V64,5,IF(I64=$W64,6,IF(I64=$X64,7,IF(I64=$Y64,8,IF(I64=$Z64,9,IF(I64=$AA64,10,IF(I64=$AB64,11,IF(I64=$AC64,12,IF(I64=$AD64,13)))))))))))))) | J65: =IF(J64="","",IF(J64=$R64,1,IF(J64=$S64,2,IF(J64=$T64,3,IF(J64=$U64,4,IF(J64=$V64,5,IF(J64=$W64,6,IF(J64=$X64,7,IF(J64=$Y64,8,IF(J64=$Z64,9,IF(J64=$AA64,10,IF(J64=$AB64,11,IF(J64=$AC64,12,IF(J64=$AD64,13)))))))))))))) | K65: =IF(K64="","",IF(K64=$R64,1,IF(K64=$S64,2,IF(K64=$T64,3,IF(K64=$U64,4,IF(K64=$V64,5,IF(K64=$W64,6,IF(K64=$X64,7,IF(K64=$Y64,8,IF(K64=$Z64,9,IF(K64=$AA64,10,IF(K64=$AB64,11,IF(K64=$AC64,12,IF(K64=$AD64,13)))))))))))))) | ... P65: =IF(P64="","",IF(P64=$R64,1,IF(P64=$S64,2,IF(P64=$T64,3,IF(P64=$U64,4,IF(P64=$V64,5,IF(P64=$W64,6,IF(P64=$X64,7,IF(P64=$Y64,8,IF(P64=$Z64,9,IF(P64=$AA64,10,IF(P64=$AB64,11,IF(P64=$AC64,12,IF(P64=$AD64,13))))))))))))))
D66: =IF(Tracking!J30="","",IF(Person!$C$20="m",ABS((Tracking!J30/4-D$45)),ABS((Tracking!J30/4-D$48)))) | E66: =IF(Tracking!K30="","",IF(Person!$C$20="m",ABS((Tracking!K30/4-E$45)),ABS((Tracking!K30/4-E$48)))) | F66: =IF(Tracking!L30="","",IF(Person!$C$20="m",ABS((Tracking!L30/4-F$45)),ABS((Tracking!L30/4-F$48)))) | G66: =IF(Tracking!M30="","",IF(Person!$C$20="m",ABS((Tracking!M30/4-G$45)),ABS((Tracking!M30/4-G$48)))) | H66: =IF(Tracking!N30="","",IF(Person!$C$20="m",ABS((Tracking!N30/4-H$45)),ABS((Tracking!N30/4-H$48)))) | I66: =IF(Tracking!O30="","",IF(Person!$C$20="m",ABS((Tracking!O30/4-I$45)),ABS((Tracking!O30/4-I$48)))) | J66: =IF(Tracking!P30="","",IF(Person!$C$20="m",ABS((Tracking!P30/4-J$45)),ABS((Tracking!P30/4-J$48)))) | K66: =IF(Tracking!Q30="","",IF(Person!$C$20="m",ABS((Tracking!Q30/4-K$45)),ABS((Tracking!Q30/4-K$48)))) | ... P66: =IF(Tracking!V30="","",IF(Person!$C$20="m",ABS((Tracking!V30/4-P$45)),ABS((Tracking!V30/4-P$48)))) | R66: =IF(ISERROR(LARGE($D66:$P66,R$44)),"",LARGE($D66:$P66,R$44)) | S66: =IF(ISERROR(LARGE($D66:$P66,S$44)),"",LARGE($D66:$P66,S$44)) | T66: =IF(ISERROR(LARGE($D66:$P66,T$44)),"",LARGE($D66:$P66,T$44)) | U66: =IF(ISERROR(LARGE($D66:$P66,U$44)),"",LARGE($D66:$P66,U$44)) | V66: =IF(ISERROR(LARGE($D66:$P66,V$44)),"",LARGE($D66:$P66,V$44)) | W66: =IF(ISERROR(LARGE($D66:$P66,W$44)),"",LARGE($D66:$P66,W$44)) | X66: =IF(ISERROR(LARGE($D66:$P66,X$44)),"",LARGE($D66:$P66,X$44)) | Y66: =IF(ISERROR(LARGE($D66:$P66,Y$44)),"",LARGE($D66:$P66,Y$44)) | ... AD66: =IF(ISERROR(LARGE($D66:$P66,AD$44)),"",LARGE($D66:$P66,AD$44))
D67: =IF(D66="","",IF(D66=$R66,1,IF(D66=$S66,2,IF(D66=$T66,3,IF(D66=$U66,4,IF(D66=$V66,5,IF(D66=$W66,6,IF(D66=$X66,7,IF(D66=$Y66,8,IF(D66=$Z66,9,IF(D66=$AA66,10,IF(D66=$AB66,11,IF(D66=$AC66,12,IF(D66=$AD66,13)))))))))))))) | E67: =IF(E66="","",IF(E66=$R66,1,IF(E66=$S66,2,IF(E66=$T66,3,IF(E66=$U66,4,IF(E66=$V66,5,IF(E66=$W66,6,IF(E66=$X66,7,IF(E66=$Y66,8,IF(E66=$Z66,9,IF(E66=$AA66,10,IF(E66=$AB66,11,IF(E66=$AC66,12,IF(E66=$AD66,13)))))))))))))) | F67: =IF(F66="","",IF(F66=$R66,1,IF(F66=$S66,2,IF(F66=$T66,3,IF(F66=$U66,4,IF(F66=$V66,5,IF(F66=$W66,6,IF(F66=$X66,7,IF(F66=$Y66,8,IF(F66=$Z66,9,IF(F66=$AA66,10,IF(F66=$AB66,11,IF(F66=$AC66,12,IF(F66=$AD66,13)))))))))))))) | G67: =IF(G66="","",IF(G66=$R66,1,IF(G66=$S66,2,IF(G66=$T66,3,IF(G66=$U66,4,IF(G66=$V66,5,IF(G66=$W66,6,IF(G66=$X66,7,IF(G66=$Y66,8,IF(G66=$Z66,9,IF(G66=$AA66,10,IF(G66=$AB66,11,IF(G66=$AC66,12,IF(G66=$AD66,13)))))))))))))) | H67: =IF(H66="","",IF(H66=$R66,1,IF(H66=$S66,2,IF(H66=$T66,3,IF(H66=$U66,4,IF(H66=$V66,5,IF(H66=$W66,6,IF(H66=$X66,7,IF(H66=$Y66,8,IF(H66=$Z66,9,IF(H66=$AA66,10,IF(H66=$AB66,11,IF(H66=$AC66,12,IF(H66=$AD66,13)))))))))))))) | I67: =IF(I66="","",IF(I66=$R66,1,IF(I66=$S66,2,IF(I66=$T66,3,IF(I66=$U66,4,IF(I66=$V66,5,IF(I66=$W66,6,IF(I66=$X66,7,IF(I66=$Y66,8,IF(I66=$Z66,9,IF(I66=$AA66,10,IF(I66=$AB66,11,IF(I66=$AC66,12,IF(I66=$AD66,13)))))))))))))) | J67: =IF(J66="","",IF(J66=$R66,1,IF(J66=$S66,2,IF(J66=$T66,3,IF(J66=$U66,4,IF(J66=$V66,5,IF(J66=$W66,6,IF(J66=$X66,7,IF(J66=$Y66,8,IF(J66=$Z66,9,IF(J66=$AA66,10,IF(J66=$AB66,11,IF(J66=$AC66,12,IF(J66=$AD66,13)))))))))))))) | K67: =IF(K66="","",IF(K66=$R66,1,IF(K66=$S66,2,IF(K66=$T66,3,IF(K66=$U66,4,IF(K66=$V66,5,IF(K66=$W66,6,IF(K66=$X66,7,IF(K66=$Y66,8,IF(K66=$Z66,9,IF(K66=$AA66,10,IF(K66=$AB66,11,IF(K66=$AC66,12,IF(K66=$AD66,13)))))))))))))) | ... P67: =IF(P66="","",IF(P66=$R66,1,IF(P66=$S66,2,IF(P66=$T66,3,IF(P66=$U66,4,IF(P66=$V66,5,IF(P66=$W66,6,IF(P66=$X66,7,IF(P66=$Y66,8,IF(P66=$Z66,9,IF(P66=$AA66,10,IF(P66=$AB66,11,IF(P66=$AC66,12,IF(P66=$AD66,13))))))))))))))
D68: =IF(Tracking!J32="","",IF(Person!$C$20="m",ABS((Tracking!J32/4-D$45)),ABS((Tracking!J32/4-D$48)))) | E68: =IF(Tracking!K32="","",IF(Person!$C$20="m",ABS((Tracking!K32/4-E$45)),ABS((Tracking!K32/4-E$48)))) | F68: =IF(Tracking!L32="","",IF(Person!$C$20="m",ABS((Tracking!L32/4-F$45)),ABS((Tracking!L32/4-F$48)))) | G68: =IF(Tracking!M32="","",IF(Person!$C$20="m",ABS((Tracking!M32/4-G$45)),ABS((Tracking!M32/4-G$48)))) | H68: =IF(Tracking!N32="","",IF(Person!$C$20="m",ABS((Tracking!N32/4-H$45)),ABS((Tracking!N32/4-H$48)))) | I68: =IF(Tracking!O32="","",IF(Person!$C$20="m",ABS((Tracking!O32/4-I$45)),ABS((Tracking!O32/4-I$48)))) | J68: =IF(Tracking!P32="","",IF(Person!$C$20="m",ABS((Tracking!P32/4-J$45)),ABS((Tracking!P32/4-J$48)))) | K68: =IF(Tracking!Q32="","",IF(Person!$C$20="m",ABS((Tracking!Q32/4-K$45)),ABS((Tracking!Q32/4-K$48)))) | ... P68: =IF(Tracking!V32="","",IF(Person!$C$20="m",ABS((Tracking!V32/4-P$45)),ABS((Tracking!V32/4-P$48)))) | R68: =IF(ISERROR(LARGE($D68:$P68,R$44)),"",LARGE($D68:$P68,R$44)) | S68: =IF(ISERROR(LARGE($D68:$P68,S$44)),"",LARGE($D68:$P68,S$44)) | T68: =IF(ISERROR(LARGE($D68:$P68,T$44)),"",LARGE($D68:$P68,T$44)) | U68: =IF(ISERROR(LARGE($D68:$P68,U$44)),"",LARGE($D68:$P68,U$44)) | V68: =IF(ISERROR(LARGE($D68:$P68,V$44)),"",LARGE($D68:$P68,V$44)) | W68: =IF(ISERROR(LARGE($D68:$P68,W$44)),"",LARGE($D68:$P68,W$44)) | X68: =IF(ISERROR(LARGE($D68:$P68,X$44)),"",LARGE($D68:$P68,X$44)) | Y68: =IF(ISERROR(LARGE($D68:$P68,Y$44)),"",LARGE($D68:$P68,Y$44)) | ... AD68: =IF(ISERROR(LARGE($D68:$P68,AD$44)),"",LARGE($D68:$P68,AD$44))
D69: =IF(D68="","",IF(D68=$R68,1,IF(D68=$S68,2,IF(D68=$T68,3,IF(D68=$U68,4,IF(D68=$V68,5,IF(D68=$W68,6,IF(D68=$X68,7,IF(D68=$Y68,8,IF(D68=$Z68,9,IF(D68=$AA68,10,IF(D68=$AB68,11,IF(D68=$AC68,12,IF(D68=$AD68,13)))))))))))))) | E69: =IF(E68="","",IF(E68=$R68,1,IF(E68=$S68,2,IF(E68=$T68,3,IF(E68=$U68,4,IF(E68=$V68,5,IF(E68=$W68,6,IF(E68=$X68,7,IF(E68=$Y68,8,IF(E68=$Z68,9,IF(E68=$AA68,10,IF(E68=$AB68,11,IF(E68=$AC68,12,IF(E68=$AD68,13)))))))))))))) | F69: =IF(F68="","",IF(F68=$R68,1,IF(F68=$S68,2,IF(F68=$T68,3,IF(F68=$U68,4,IF(F68=$V68,5,IF(F68=$W68,6,IF(F68=$X68,7,IF(F68=$Y68,8,IF(F68=$Z68,9,IF(F68=$AA68,10,IF(F68=$AB68,11,IF(F68=$AC68,12,IF(F68=$AD68,13)))))))))))))) | G69: =IF(G68="","",IF(G68=$R68,1,IF(G68=$S68,2,IF(G68=$T68,3,IF(G68=$U68,4,IF(G68=$V68,5,IF(G68=$W68,6,IF(G68=$X68,7,IF(G68=$Y68,8,IF(G68=$Z68,9,IF(G68=$AA68,10,IF(G68=$AB68,11,IF(G68=$AC68,12,IF(G68=$AD68,13)))))))))))))) | H69: =IF(H68="","",IF(H68=$R68,1,IF(H68=$S68,2,IF(H68=$T68,3,IF(H68=$U68,4,IF(H68=$V68,5,IF(H68=$W68,6,IF(H68=$X68,7,IF(H68=$Y68,8,IF(H68=$Z68,9,IF(H68=$AA68,10,IF(H68=$AB68,11,IF(H68=$AC68,12,IF(H68=$AD68,13)))))))))))))) | I69: =IF(I68="","",IF(I68=$R68,1,IF(I68=$S68,2,IF(I68=$T68,3,IF(I68=$U68,4,IF(I68=$V68,5,IF(I68=$W68,6,IF(I68=$X68,7,IF(I68=$Y68,8,IF(I68=$Z68,9,IF(I68=$AA68,10,IF(I68=$AB68,11,IF(I68=$AC68,12,IF(I68=$AD68,13)))))))))))))) | J69: =IF(J68="","",IF(J68=$R68,1,IF(J68=$S68,2,IF(J68=$T68,3,IF(J68=$U68,4,IF(J68=$V68,5,IF(J68=$W68,6,IF(J68=$X68,7,IF(J68=$Y68,8,IF(J68=$Z68,9,IF(J68=$AA68,10,IF(J68=$AB68,11,IF(J68=$AC68,12,IF(J68=$AD68,13)))))))))))))) | K69: =IF(K68="","",IF(K68=$R68,1,IF(K68=$S68,2,IF(K68=$T68,3,IF(K68=$U68,4,IF(K68=$V68,5,IF(K68=$W68,6,IF(K68=$X68,7,IF(K68=$Y68,8,IF(K68=$Z68,9,IF(K68=$AA68,10,IF(K68=$AB68,11,IF(K68=$AC68,12,IF(K68=$AD68,13)))))))))))))) | ... P69: =IF(P68="","",IF(P68=$R68,1,IF(P68=$S68,2,IF(P68=$T68,3,IF(P68=$U68,4,IF(P68=$V68,5,IF(P68=$W68,6,IF(P68=$X68,7,IF(P68=$Y68,8,IF(P68=$Z68,9,IF(P68=$AA68,10,IF(P68=$AB68,11,IF(P68=$AC68,12,IF(P68=$AD68,13))))))))))))))
D70: =IF(Tracking!J34="","",IF(Person!$C$20="m",ABS((Tracking!J34/4-D$45)),ABS((Tracking!J34/4-D$48)))) | E70: =IF(Tracking!K34="","",IF(Person!$C$20="m",ABS((Tracking!K34/4-E$45)),ABS((Tracking!K34/4-E$48)))) | F70: =IF(Tracking!L34="","",IF(Person!$C$20="m",ABS((Tracking!L34/4-F$45)),ABS((Tracking!L34/4-F$48)))) | G70: =IF(Tracking!M34="","",IF(Person!$C$20="m",ABS((Tracking!M34/4-G$45)),ABS((Tracking!M34/4-G$48)))) | H70: =IF(Tracking!N34="","",IF(Person!$C$20="m",ABS((Tracking!N34/4-H$45)),ABS((Tracking!N34/4-H$48)))) | I70: =IF(Tracking!O34="","",IF(Person!$C$20="m",ABS((Tracking!O34/4-I$45)),ABS((Tracking!O34/4-I$48)))) | J70: =IF(Tracking!P34="","",IF(Person!$C$20="m",ABS((Tracking!P34/4-J$45)),ABS((Tracking!P34/4-J$48)))) | K70: =IF(Tracking!Q34="","",IF(Person!$C$20="m",ABS((Tracking!Q34/4-K$45)),ABS((Tracking!Q34/4-K$48)))) | ... P70: =IF(Tracking!V34="","",IF(Person!$C$20="m",ABS((Tracking!V34/4-P$45)),ABS((Tracking!V34/4-P$48)))) | R70: =IF(ISERROR(LARGE($D70:$P70,R$44)),"",LARGE($D70:$P70,R$44)) | S70: =IF(ISERROR(LARGE($D70:$P70,S$44)),"",LARGE($D70:$P70,S$44)) | T70: =IF(ISERROR(LARGE($D70:$P70,T$44)),"",LARGE($D70:$P70,T$44)) | U70: =IF(ISERROR(LARGE($D70:$P70,U$44)),"",LARGE($D70:$P70,U$44)) | V70: =IF(ISERROR(LARGE($D70:$P70,V$44)),"",LARGE($D70:$P70,V$44)) | W70: =IF(ISERROR(LARGE($D70:$P70,W$44)),"",LARGE($D70:$P70,W$44)) | X70: =IF(ISERROR(LARGE($D70:$P70,X$44)),"",LARGE($D70:$P70,X$44)) | Y70: =IF(ISERROR(LARGE($D70:$P70,Y$44)),"",LARGE($D70:$P70,Y$44)) | ... AD70: =IF(ISERROR(LARGE($D70:$P70,AD$44)),"",LARGE($D70:$P70,AD$44))
D71: =IF(D70="","",IF(D70=$R70,1,IF(D70=$S70,2,IF(D70=$T70,3,IF(D70=$U70,4,IF(D70=$V70,5,IF(D70=$W70,6,IF(D70=$X70,7,IF(D70=$Y70,8,IF(D70=$Z70,9,IF(D70=$AA70,10,IF(D70=$AB70,11,IF(D70=$AC70,12,IF(D70=$AD70,13)))))))))))))) | E71: =IF(E70="","",IF(E70=$R70,1,IF(E70=$S70,2,IF(E70=$T70,3,IF(E70=$U70,4,IF(E70=$V70,5,IF(E70=$W70,6,IF(E70=$X70,7,IF(E70=$Y70,8,IF(E70=$Z70,9,IF(E70=$AA70,10,IF(E70=$AB70,11,IF(E70=$AC70,12,IF(E70=$AD70,13)))))))))))))) | F71: =IF(F70="","",IF(F70=$R70,1,IF(F70=$S70,2,IF(F70=$T70,3,IF(F70=$U70,4,IF(F70=$V70,5,IF(F70=$W70,6,IF(F70=$X70,7,IF(F70=$Y70,8,IF(F70=$Z70,9,IF(F70=$AA70,10,IF(F70=$AB70,11,IF(F70=$AC70,12,IF(F70=$AD70,13)))))))))))))) | G71: =IF(G70="","",IF(G70=$R70,1,IF(G70=$S70,2,IF(G70=$T70,3,IF(G70=$U70,4,IF(G70=$V70,5,IF(G70=$W70,6,IF(G70=$X70,7,IF(G70=$Y70,8,IF(G70=$Z70,9,IF(G70=$AA70,10,IF(G70=$AB70,11,IF(G70=$AC70,12,IF(G70=$AD70,13)))))))))))))) | H71: =IF(H70="","",IF(H70=$R70,1,IF(H70=$S70,2,IF(H70=$T70,3,IF(H70=$U70,4,IF(H70=$V70,5,IF(H70=$W70,6,IF(H70=$X70,7,IF(H70=$Y70,8,IF(H70=$Z70,9,IF(H70=$AA70,10,IF(H70=$AB70,11,IF(H70=$AC70,12,IF(H70=$AD70,13)))))))))))))) | I71: =IF(I70="","",IF(I70=$R70,1,IF(I70=$S70,2,IF(I70=$T70,3,IF(I70=$U70,4,IF(I70=$V70,5,IF(I70=$W70,6,IF(I70=$X70,7,IF(I70=$Y70,8,IF(I70=$Z70,9,IF(I70=$AA70,10,IF(I70=$AB70,11,IF(I70=$AC70,12,IF(I70=$AD70,13)))))))))))))) | J71: =IF(J70="","",IF(J70=$R70,1,IF(J70=$S70,2,IF(J70=$T70,3,IF(J70=$U70,4,IF(J70=$V70,5,IF(J70=$W70,6,IF(J70=$X70,7,IF(J70=$Y70,8,IF(J70=$Z70,9,IF(J70=$AA70,10,IF(J70=$AB70,11,IF(J70=$AC70,12,IF(J70=$AD70,13)))))))))))))) | K71: =IF(K70="","",IF(K70=$R70,1,IF(K70=$S70,2,IF(K70=$T70,3,IF(K70=$U70,4,IF(K70=$V70,5,IF(K70=$W70,6,IF(K70=$X70,7,IF(K70=$Y70,8,IF(K70=$Z70,9,IF(K70=$AA70,10,IF(K70=$AB70,11,IF(K70=$AC70,12,IF(K70=$AD70,13)))))))))))))) | ... P71: =IF(P70="","",IF(P70=$R70,1,IF(P70=$S70,2,IF(P70=$T70,3,IF(P70=$U70,4,IF(P70=$V70,5,IF(P70=$W70,6,IF(P70=$X70,7,IF(P70=$Y70,8,IF(P70=$Z70,9,IF(P70=$AA70,10,IF(P70=$AB70,11,IF(P70=$AC70,12,IF(P70=$AD70,13))))))))))))))
D72: =IF(Tracking!J36="","",IF(Person!$C$20="m",ABS((Tracking!J36/4-D$45)),ABS((Tracking!J36/4-D$48)))) | E72: =IF(Tracking!K36="","",IF(Person!$C$20="m",ABS((Tracking!K36/4-E$45)),ABS((Tracking!K36/4-E$48)))) | F72: =IF(Tracking!L36="","",IF(Person!$C$20="m",ABS((Tracking!L36/4-F$45)),ABS((Tracking!L36/4-F$48)))) | G72: =IF(Tracking!M36="","",IF(Person!$C$20="m",ABS((Tracking!M36/4-G$45)),ABS((Tracking!M36/4-G$48)))) | H72: =IF(Tracking!N36="","",IF(Person!$C$20="m",ABS((Tracking!N36/4-H$45)),ABS((Tracking!N36/4-H$48)))) | I72: =IF(Tracking!O36="","",IF(Person!$C$20="m",ABS((Tracking!O36/4-I$45)),ABS((Tracking!O36/4-I$48)))) | J72: =IF(Tracking!P36="","",IF(Person!$C$20="m",ABS((Tracking!P36/4-J$45)),ABS((Tracking!P36/4-J$48)))) | K72: =IF(Tracking!Q36="","",IF(Person!$C$20="m",ABS((Tracking!Q36/4-K$45)),ABS((Tracking!Q36/4-K$48)))) | ... P72: =IF(Tracking!V36="","",IF(Person!$C$20="m",ABS((Tracking!V36/4-P$45)),ABS((Tracking!V36/4-P$48)))) | R72: =IF(ISERROR(LARGE($D72:$P72,R$44)),"",LARGE($D72:$P72,R$44)) | S72: =IF(ISERROR(LARGE($D72:$P72,S$44)),"",LARGE($D72:$P72,S$44)) | T72: =IF(ISERROR(LARGE($D72:$P72,T$44)),"",LARGE($D72:$P72,T$44)) | U72: =IF(ISERROR(LARGE($D72:$P72,U$44)),"",LARGE($D72:$P72,U$44)) | V72: =IF(ISERROR(LARGE($D72:$P72,V$44)),"",LARGE($D72:$P72,V$44)) | W72: =IF(ISERROR(LARGE($D72:$P72,W$44)),"",LARGE($D72:$P72,W$44)) | X72: =IF(ISERROR(LARGE($D72:$P72,X$44)),"",LARGE($D72:$P72,X$44)) | Y72: =IF(ISERROR(LARGE($D72:$P72,Y$44)),"",LARGE($D72:$P72,Y$44)) | ... AD72: =IF(ISERROR(LARGE($D72:$P72,AD$44)),"",LARGE($D72:$P72,AD$44))
D73: =IF(D72="","",IF(D72=$R72,1,IF(D72=$S72,2,IF(D72=$T72,3,IF(D72=$U72,4,IF(D72=$V72,5,IF(D72=$W72,6,IF(D72=$X72,7,IF(D72=$Y72,8,IF(D72=$Z72,9,IF(D72=$AA72,10,IF(D72=$AB72,11,IF(D72=$AC72,12,IF(D72=$AD72,13)))))))))))))) | E73: =IF(E72="","",IF(E72=$R72,1,IF(E72=$S72,2,IF(E72=$T72,3,IF(E72=$U72,4,IF(E72=$V72,5,IF(E72=$W72,6,IF(E72=$X72,7,IF(E72=$Y72,8,IF(E72=$Z72,9,IF(E72=$AA72,10,IF(E72=$AB72,11,IF(E72=$AC72,12,IF(E72=$AD72,13)))))))))))))) | F73: =IF(F72="","",IF(F72=$R72,1,IF(F72=$S72,2,IF(F72=$T72,3,IF(F72=$U72,4,IF(F72=$V72,5,IF(F72=$W72,6,IF(F72=$X72,7,IF(F72=$Y72,8,IF(F72=$Z72,9,IF(F72=$AA72,10,IF(F72=$AB72,11,IF(F72=$AC72,12,IF(F72=$AD72,13)))))))))))))) | G73: =IF(G72="","",IF(G72=$R72,1,IF(G72=$S72,2,IF(G72=$T72,3,IF(G72=$U72,4,IF(G72=$V72,5,IF(G72=$W72,6,IF(G72=$X72,7,IF(G72=$Y72,8,IF(G72=$Z72,9,IF(G72=$AA72,10,IF(G72=$AB72,11,IF(G72=$AC72,12,IF(G72=$AD72,13)))))))))))))) | H73: =IF(H72="","",IF(H72=$R72,1,IF(H72=$S72,2,IF(H72=$T72,3,IF(H72=$U72,4,IF(H72=$V72,5,IF(H72=$W72,6,IF(H72=$X72,7,IF(H72=$Y72,8,IF(H72=$Z72,9,IF(H72=$AA72,10,IF(H72=$AB72,11,IF(H72=$AC72,12,IF(H72=$AD72,13)))))))))))))) | I73: =IF(I72="","",IF(I72=$R72,1,IF(I72=$S72,2,IF(I72=$T72,3,IF(I72=$U72,4,IF(I72=$V72,5,IF(I72=$W72,6,IF(I72=$X72,7,IF(I72=$Y72,8,IF(I72=$Z72,9,IF(I72=$AA72,10,IF(I72=$AB72,11,IF(I72=$AC72,12,IF(I72=$AD72,13)))))))))))))) | J73: =IF(J72="","",IF(J72=$R72,1,IF(J72=$S72,2,IF(J72=$T72,3,IF(J72=$U72,4,IF(J72=$V72,5,IF(J72=$W72,6,IF(J72=$X72,7,IF(J72=$Y72,8,IF(J72=$Z72,9,IF(J72=$AA72,10,IF(J72=$AB72,11,IF(J72=$AC72,12,IF(J72=$AD72,13)))))))))))))) | K73: =IF(K72="","",IF(K72=$R72,1,IF(K72=$S72,2,IF(K72=$T72,3,IF(K72=$U72,4,IF(K72=$V72,5,IF(K72=$W72,6,IF(K72=$X72,7,IF(K72=$Y72,8,IF(K72=$Z72,9,IF(K72=$AA72,10,IF(K72=$AB72,11,IF(K72=$AC72,12,IF(K72=$AD72,13)))))))))))))) | ... P73: =IF(P72="","",IF(P72=$R72,1,IF(P72=$S72,2,IF(P72=$T72,3,IF(P72=$U72,4,IF(P72=$V72,5,IF(P72=$W72,6,IF(P72=$X72,7,IF(P72=$Y72,8,IF(P72=$Z72,9,IF(P72=$AA72,10,IF(P72=$AB72,11,IF(P72=$AC72,12,IF(P72=$AD72,13))))))))))))))
D74: =IF(Tracking!J38="","",IF(Person!$C$20="m",ABS((Tracking!J38/4-D$45)),ABS((Tracking!J38/4-D$48)))) | E74: =IF(Tracking!K38="","",IF(Person!$C$20="m",ABS((Tracking!K38/4-E$45)),ABS((Tracking!K38/4-E$48)))) | F74: =IF(Tracking!L38="","",IF(Person!$C$20="m",ABS((Tracking!L38/4-F$45)),ABS((Tracking!L38/4-F$48)))) | G74: =IF(Tracking!M38="","",IF(Person!$C$20="m",ABS((Tracking!M38/4-G$45)),ABS((Tracking!M38/4-G$48)))) | H74: =IF(Tracking!N38="","",IF(Person!$C$20="m",ABS((Tracking!N38/4-H$45)),ABS((Tracking!N38/4-H$48)))) | I74: =IF(Tracking!O38="","",IF(Person!$C$20="m",ABS((Tracking!O38/4-I$45)),ABS((Tracking!O38/4-I$48)))) | J74: =IF(Tracking!P38="","",IF(Person!$C$20="m",ABS((Tracking!P38/4-J$45)),ABS((Tracking!P38/4-J$48)))) | K74: =IF(Tracking!Q38="","",IF(Person!$C$20="m",ABS((Tracking!Q38/4-K$45)),ABS((Tracking!Q38/4-K$48)))) | ... P74: =IF(Tracking!V38="","",IF(Person!$C$20="m",ABS((Tracking!V38/4-P$45)),ABS((Tracking!V38/4-P$48)))) | R74: =IF(ISERROR(LARGE($D74:$P74,R$44)),"",LARGE($D74:$P74,R$44)) | S74: =IF(ISERROR(LARGE($D74:$P74,S$44)),"",LARGE($D74:$P74,S$44)) | T74: =IF(ISERROR(LARGE($D74:$P74,T$44)),"",LARGE($D74:$P74,T$44)) | U74: =IF(ISERROR(LARGE($D74:$P74,U$44)),"",LARGE($D74:$P74,U$44)) | V74: =IF(ISERROR(LARGE($D74:$P74,V$44)),"",LARGE($D74:$P74,V$44)) | W74: =IF(ISERROR(LARGE($D74:$P74,W$44)),"",LARGE($D74:$P74,W$44)) | X74: =IF(ISERROR(LARGE($D74:$P74,X$44)),"",LARGE($D74:$P74,X$44)) | Y74: =IF(ISERROR(LARGE($D74:$P74,Y$44)),"",LARGE($D74:$P74,Y$44)) | ... AD74: =IF(ISERROR(LARGE($D74:$P74,AD$44)),"",LARGE($D74:$P74,AD$44))
D75: =IF(D74="","",IF(D74=$R74,1,IF(D74=$S74,2,IF(D74=$T74,3,IF(D74=$U74,4,IF(D74=$V74,5,IF(D74=$W74,6,IF(D74=$X74,7,IF(D74=$Y74,8,IF(D74=$Z74,9,IF(D74=$AA74,10,IF(D74=$AB74,11,IF(D74=$AC74,12,IF(D74=$AD74,13)))))))))))))) | E75: =IF(E74="","",IF(E74=$R74,1,IF(E74=$S74,2,IF(E74=$T74,3,IF(E74=$U74,4,IF(E74=$V74,5,IF(E74=$W74,6,IF(E74=$X74,7,IF(E74=$Y74,8,IF(E74=$Z74,9,IF(E74=$AA74,10,IF(E74=$AB74,11,IF(E74=$AC74,12,IF(E74=$AD74,13)))))))))))))) | F75: =IF(F74="","",IF(F74=$R74,1,IF(F74=$S74,2,IF(F74=$T74,3,IF(F74=$U74,4,IF(F74=$V74,5,IF(F74=$W74,6,IF(F74=$X74,7,IF(F74=$Y74,8,IF(F74=$Z74,9,IF(F74=$AA74,10,IF(F74=$AB74,11,IF(F74=$AC74,12,IF(F74=$AD74,13)))))))))))))) | G75: =IF(G74="","",IF(G74=$R74,1,IF(G74=$S74,2,IF(G74=$T74,3,IF(G74=$U74,4,IF(G74=$V74,5,IF(G74=$W74,6,IF(G74=$X74,7,IF(G74=$Y74,8,IF(G74=$Z74,9,IF(G74=$AA74,10,IF(G74=$AB74,11,IF(G74=$AC74,12,IF(G74=$AD74,13)))))))))))))) | H75: =IF(H74="","",IF(H74=$R74,1,IF(H74=$S74,2,IF(H74=$T74,3,IF(H74=$U74,4,IF(H74=$V74,5,IF(H74=$W74,6,IF(H74=$X74,7,IF(H74=$Y74,8,IF(H74=$Z74,9,IF(H74=$AA74,10,IF(H74=$AB74,11,IF(H74=$AC74,12,IF(H74=$AD74,13)))))))))))))) | I75: =IF(I74="","",IF(I74=$R74,1,IF(I74=$S74,2,IF(I74=$T74,3,IF(I74=$U74,4,IF(I74=$V74,5,IF(I74=$W74,6,IF(I74=$X74,7,IF(I74=$Y74,8,IF(I74=$Z74,9,IF(I74=$AA74,10,IF(I74=$AB74,11,IF(I74=$AC74,12,IF(I74=$AD74,13)))))))))))))) | J75: =IF(J74="","",IF(J74=$R74,1,IF(J74=$S74,2,IF(J74=$T74,3,IF(J74=$U74,4,IF(J74=$V74,5,IF(J74=$W74,6,IF(J74=$X74,7,IF(J74=$Y74,8,IF(J74=$Z74,9,IF(J74=$AA74,10,IF(J74=$AB74,11,IF(J74=$AC74,12,IF(J74=$AD74,13)))))))))))))) | K75: =IF(K74="","",IF(K74=$R74,1,IF(K74=$S74,2,IF(K74=$T74,3,IF(K74=$U74,4,IF(K74=$V74,5,IF(K74=$W74,6,IF(K74=$X74,7,IF(K74=$Y74,8,IF(K74=$Z74,9,IF(K74=$AA74,10,IF(K74=$AB74,11,IF(K74=$AC74,12,IF(K74=$AD74,13)))))))))))))) | ... P75: =IF(P74="","",IF(P74=$R74,1,IF(P74=$S74,2,IF(P74=$T74,3,IF(P74=$U74,4,IF(P74=$V74,5,IF(P74=$W74,6,IF(P74=$X74,7,IF(P74=$Y74,8,IF(P74=$Z74,9,IF(P74=$AA74,10,IF(P74=$AB74,11,IF(P74=$AC74,12,IF(P74=$AD74,13))))))))))))))
D76: =IF(Tracking!J40="","",IF(Person!$C$20="m",ABS((Tracking!J40/4-D$45)),ABS((Tracking!J40/4-D$48)))) | E76: =IF(Tracking!K40="","",IF(Person!$C$20="m",ABS((Tracking!K40/4-E$45)),ABS((Tracking!K40/4-E$48)))) | F76: =IF(Tracking!L40="","",IF(Person!$C$20="m",ABS((Tracking!L40/4-F$45)),ABS((Tracking!L40/4-F$48)))) | G76: =IF(Tracking!M40="","",IF(Person!$C$20="m",ABS((Tracking!M40/4-G$45)),ABS((Tracking!M40/4-G$48)))) | H76: =IF(Tracking!N40="","",IF(Person!$C$20="m",ABS((Tracking!N40/4-H$45)),ABS((Tracking!N40/4-H$48)))) | I76: =IF(Tracking!O40="","",IF(Person!$C$20="m",ABS((Tracking!O40/4-I$45)),ABS((Tracking!O40/4-I$48)))) | J76: =IF(Tracking!P40="","",IF(Person!$C$20="m",ABS((Tracking!P40/4-J$45)),ABS((Tracking!P40/4-J$48)))) | K76: =IF(Tracking!Q40="","",IF(Person!$C$20="m",ABS((Tracking!Q40/4-K$45)),ABS((Tracking!Q40/4-K$48)))) | ... P76: =IF(Tracking!V40="","",IF(Person!$C$20="m",ABS((Tracking!V40/4-P$45)),ABS((Tracking!V40/4-P$48)))) | R76: =IF(ISERROR(LARGE($D76:$P76,R$44)),"",LARGE($D76:$P76,R$44)) | S76: =IF(ISERROR(LARGE($D76:$P76,S$44)),"",LARGE($D76:$P76,S$44)) | T76: =IF(ISERROR(LARGE($D76:$P76,T$44)),"",LARGE($D76:$P76,T$44)) | U76: =IF(ISERROR(LARGE($D76:$P76,U$44)),"",LARGE($D76:$P76,U$44)) | V76: =IF(ISERROR(LARGE($D76:$P76,V$44)),"",LARGE($D76:$P76,V$44)) | W76: =IF(ISERROR(LARGE($D76:$P76,W$44)),"",LARGE($D76:$P76,W$44)) | X76: =IF(ISERROR(LARGE($D76:$P76,X$44)),"",LARGE($D76:$P76,X$44)) | Y76: =IF(ISERROR(LARGE($D76:$P76,Y$44)),"",LARGE($D76:$P76,Y$44)) | ... AD76: =IF(ISERROR(LARGE($D76:$P76,AD$44)),"",LARGE($D76:$P76,AD$44))
D77: =IF(D76="","",IF(D76=$R76,1,IF(D76=$S76,2,IF(D76=$T76,3,IF(D76=$U76,4,IF(D76=$V76,5,IF(D76=$W76,6,IF(D76=$X76,7,IF(D76=$Y76,8,IF(D76=$Z76,9,IF(D76=$AA76,10,IF(D76=$AB76,11,IF(D76=$AC76,12,IF(D76=$AD76,13)))))))))))))) | E77: =IF(E76="","",IF(E76=$R76,1,IF(E76=$S76,2,IF(E76=$T76,3,IF(E76=$U76,4,IF(E76=$V76,5,IF(E76=$W76,6,IF(E76=$X76,7,IF(E76=$Y76,8,IF(E76=$Z76,9,IF(E76=$AA76,10,IF(E76=$AB76,11,IF(E76=$AC76,12,IF(E76=$AD76,13)))))))))))))) | F77: =IF(F76="","",IF(F76=$R76,1,IF(F76=$S76,2,IF(F76=$T76,3,IF(F76=$U76,4,IF(F76=$V76,5,IF(F76=$W76,6,IF(F76=$X76,7,IF(F76=$Y76,8,IF(F76=$Z76,9,IF(F76=$AA76,10,IF(F76=$AB76,11,IF(F76=$AC76,12,IF(F76=$AD76,13)))))))))))))) | G77: =IF(G76="","",IF(G76=$R76,1,IF(G76=$S76,2,IF(G76=$T76,3,IF(G76=$U76,4,IF(G76=$V76,5,IF(G76=$W76,6,IF(G76=$X76,7,IF(G76=$Y76,8,IF(G76=$Z76,9,IF(G76=$AA76,10,IF(G76=$AB76,11,IF(G76=$AC76,12,IF(G76=$AD76,13)))))))))))))) | H77: =IF(H76="","",IF(H76=$R76,1,IF(H76=$S76,2,IF(H76=$T76,3,IF(H76=$U76,4,IF(H76=$V76,5,IF(H76=$W76,6,IF(H76=$X76,7,IF(H76=$Y76,8,IF(H76=$Z76,9,IF(H76=$AA76,10,IF(H76=$AB76,11,IF(H76=$AC76,12,IF(H76=$AD76,13)))))))))))))) | I77: =IF(I76="","",IF(I76=$R76,1,IF(I76=$S76,2,IF(I76=$T76,3,IF(I76=$U76,4,IF(I76=$V76,5,IF(I76=$W76,6,IF(I76=$X76,7,IF(I76=$Y76,8,IF(I76=$Z76,9,IF(I76=$AA76,10,IF(I76=$AB76,11,IF(I76=$AC76,12,IF(I76=$AD76,13)))))))))))))) | J77: =IF(J76="","",IF(J76=$R76,1,IF(J76=$S76,2,IF(J76=$T76,3,IF(J76=$U76,4,IF(J76=$V76,5,IF(J76=$W76,6,IF(J76=$X76,7,IF(J76=$Y76,8,IF(J76=$Z76,9,IF(J76=$AA76,10,IF(J76=$AB76,11,IF(J76=$AC76,12,IF(J76=$AD76,13)))))))))))))) | K77: =IF(K76="","",IF(K76=$R76,1,IF(K76=$S76,2,IF(K76=$T76,3,IF(K76=$U76,4,IF(K76=$V76,5,IF(K76=$W76,6,IF(K76=$X76,7,IF(K76=$Y76,8,IF(K76=$Z76,9,IF(K76=$AA76,10,IF(K76=$AB76,11,IF(K76=$AC76,12,IF(K76=$AD76,13)))))))))))))) | ... P77: =IF(P76="","",IF(P76=$R76,1,IF(P76=$S76,2,IF(P76=$T76,3,IF(P76=$U76,4,IF(P76=$V76,5,IF(P76=$W76,6,IF(P76=$X76,7,IF(P76=$Y76,8,IF(P76=$Z76,9,IF(P76=$AA76,10,IF(P76=$AB76,11,IF(P76=$AC76,12,IF(P76=$AD76,13))))))))))))))
D78: =IF(Tracking!J42="","",IF(Person!$C$20="m",ABS((Tracking!J42/4-D$45)),ABS((Tracking!J42/4-D$48)))) | E78: =IF(Tracking!K42="","",IF(Person!$C$20="m",ABS((Tracking!K42/4-E$45)),ABS((Tracking!K42/4-E$48)))) | F78: =IF(Tracking!L42="","",IF(Person!$C$20="m",ABS((Tracking!L42/4-F$45)),ABS((Tracking!L42/4-F$48)))) | G78: =IF(Tracking!M42="","",IF(Person!$C$20="m",ABS((Tracking!M42/4-G$45)),ABS((Tracking!M42/4-G$48)))) | H78: =IF(Tracking!N42="","",IF(Person!$C$20="m",ABS((Tracking!N42/4-H$45)),ABS((Tracking!N42/4-H$48)))) | I78: =IF(Tracking!O42="","",IF(Person!$C$20="m",ABS((Tracking!O42/4-I$45)),ABS((Tracking!O42/4-I$48)))) | J78: =IF(Tracking!P42="","",IF(Person!$C$20="m",ABS((Tracking!P42/4-J$45)),ABS((Tracking!P42/4-J$48)))) | K78: =IF(Tracking!Q42="","",IF(Person!$C$20="m",ABS((Tracking!Q42/4-K$45)),ABS((Tracking!Q42/4-K$48)))) | ... P78: =IF(Tracking!V42="","",IF(Person!$C$20="m",ABS((Tracking!V42/4-P$45)),ABS((Tracking!V42/4-P$48)))) | R78: =IF(ISERROR(LARGE($D78:$P78,R$44)),"",LARGE($D78:$P78,R$44)) | S78: =IF(ISERROR(LARGE($D78:$P78,S$44)),"",LARGE($D78:$P78,S$44)) | T78: =IF(ISERROR(LARGE($D78:$P78,T$44)),"",LARGE($D78:$P78,T$44)) | U78: =IF(ISERROR(LARGE($D78:$P78,U$44)),"",LARGE($D78:$P78,U$44)) | V78: =IF(ISERROR(LARGE($D78:$P78,V$44)),"",LARGE($D78:$P78,V$44)) | W78: =IF(ISERROR(LARGE($D78:$P78,W$44)),"",LARGE($D78:$P78,W$44)) | X78: =IF(ISERROR(LARGE($D78:$P78,X$44)),"",LARGE($D78:$P78,X$44)) | Y78: =IF(ISERROR(LARGE($D78:$P78,Y$44)),"",LARGE($D78:$P78,Y$44)) | ... AD78: =IF(ISERROR(LARGE($D78:$P78,AD$44)),"",LARGE($D78:$P78,AD$44))
D79: =IF(D78="","",IF(D78=$R78,1,IF(D78=$S78,2,IF(D78=$T78,3,IF(D78=$U78,4,IF(D78=$V78,5,IF(D78=$W78,6,IF(D78=$X78,7,IF(D78=$Y78,8,IF(D78=$Z78,9,IF(D78=$AA78,10,IF(D78=$AB78,11,IF(D78=$AC78,12,IF(D78=$AD78,13)))))))))))))) | E79: =IF(E78="","",IF(E78=$R78,1,IF(E78=$S78,2,IF(E78=$T78,3,IF(E78=$U78,4,IF(E78=$V78,5,IF(E78=$W78,6,IF(E78=$X78,7,IF(E78=$Y78,8,IF(E78=$Z78,9,IF(E78=$AA78,10,IF(E78=$AB78,11,IF(E78=$AC78,12,IF(E78=$AD78,13)))))))))))))) | F79: =IF(F78="","",IF(F78=$R78,1,IF(F78=$S78,2,IF(F78=$T78,3,IF(F78=$U78,4,IF(F78=$V78,5,IF(F78=$W78,6,IF(F78=$X78,7,IF(F78=$Y78,8,IF(F78=$Z78,9,IF(F78=$AA78,10,IF(F78=$AB78,11,IF(F78=$AC78,12,IF(F78=$AD78,13)))))))))))))) | G79: =IF(G78="","",IF(G78=$R78,1,IF(G78=$S78,2,IF(G78=$T78,3,IF(G78=$U78,4,IF(G78=$V78,5,IF(G78=$W78,6,IF(G78=$X78,7,IF(G78=$Y78,8,IF(G78=$Z78,9,IF(G78=$AA78,10,IF(G78=$AB78,11,IF(G78=$AC78,12,IF(G78=$AD78,13)))))))))))))) | H79: =IF(H78="","",IF(H78=$R78,1,IF(H78=$S78,2,IF(H78=$T78,3,IF(H78=$U78,4,IF(H78=$V78,5,IF(H78=$W78,6,IF(H78=$X78,7,IF(H78=$Y78,8,IF(H78=$Z78,9,IF(H78=$AA78,10,IF(H78=$AB78,11,IF(H78=$AC78,12,IF(H78=$AD78,13)))))))))))))) | I79: =IF(I78="","",IF(I78=$R78,1,IF(I78=$S78,2,IF(I78=$T78,3,IF(I78=$U78,4,IF(I78=$V78,5,IF(I78=$W78,6,IF(I78=$X78,7,IF(I78=$Y78,8,IF(I78=$Z78,9,IF(I78=$AA78,10,IF(I78=$AB78,11,IF(I78=$AC78,12,IF(I78=$AD78,13)))))))))))))) | J79: =IF(J78="","",IF(J78=$R78,1,IF(J78=$S78,2,IF(J78=$T78,3,IF(J78=$U78,4,IF(J78=$V78,5,IF(J78=$W78,6,IF(J78=$X78,7,IF(J78=$Y78,8,IF(J78=$Z78,9,IF(J78=$AA78,10,IF(J78=$AB78,11,IF(J78=$AC78,12,IF(J78=$AD78,13)))))))))))))) | K79: =IF(K78="","",IF(K78=$R78,1,IF(K78=$S78,2,IF(K78=$T78,3,IF(K78=$U78,4,IF(K78=$V78,5,IF(K78=$W78,6,IF(K78=$X78,7,IF(K78=$Y78,8,IF(K78=$Z78,9,IF(K78=$AA78,10,IF(K78=$AB78,11,IF(K78=$AC78,12,IF(K78=$AD78,13)))))))))))))) | ... P79: =IF(P78="","",IF(P78=$R78,1,IF(P78=$S78,2,IF(P78=$T78,3,IF(P78=$U78,4,IF(P78=$V78,5,IF(P78=$W78,6,IF(P78=$X78,7,IF(P78=$Y78,8,IF(P78=$Z78,9,IF(P78=$AA78,10,IF(P78=$AB78,11,IF(P78=$AC78,12,IF(P78=$AD78,13))))))))))))))
D80: =IF(Tracking!J44="","",IF(Person!$C$20="m",ABS((Tracking!J44/4-D$45)),ABS((Tracking!J44/4-D$48)))) | E80: =IF(Tracking!K44="","",IF(Person!$C$20="m",ABS((Tracking!K44/4-E$45)),ABS((Tracking!K44/4-E$48)))) | F80: =IF(Tracking!L44="","",IF(Person!$C$20="m",ABS((Tracking!L44/4-F$45)),ABS((Tracking!L44/4-F$48)))) | G80: =IF(Tracking!M44="","",IF(Person!$C$20="m",ABS((Tracking!M44/4-G$45)),ABS((Tracking!M44/4-G$48)))) | H80: =IF(Tracking!N44="","",IF(Person!$C$20="m",ABS((Tracking!N44/4-H$45)),ABS((Tracking!N44/4-H$48)))) | I80: =IF(Tracking!O44="","",IF(Person!$C$20="m",ABS((Tracking!O44/4-I$45)),ABS((Tracking!O44/4-I$48)))) | J80: =IF(Tracking!P44="","",IF(Person!$C$20="m",ABS((Tracking!P44/4-J$45)),ABS((Tracking!P44/4-J$48)))) | K80: =IF(Tracking!Q44="","",IF(Person!$C$20="m",ABS((Tracking!Q44/4-K$45)),ABS((Tracking!Q44/4-K$48)))) | ... P80: =IF(Tracking!V44="","",IF(Person!$C$20="m",ABS((Tracking!V44/4-P$45)),ABS((Tracking!V44/4-P$48)))) | R80: =IF(ISERROR(LARGE($D80:$P80,R$44)),"",LARGE($D80:$P80,R$44)) | S80: =IF(ISERROR(LARGE($D80:$P80,S$44)),"",LARGE($D80:$P80,S$44)) | T80: =IF(ISERROR(LARGE($D80:$P80,T$44)),"",LARGE($D80:$P80,T$44)) | U80: =IF(ISERROR(LARGE($D80:$P80,U$44)),"",LARGE($D80:$P80,U$44)) | V80: =IF(ISERROR(LARGE($D80:$P80,V$44)),"",LARGE($D80:$P80,V$44)) | W80: =IF(ISERROR(LARGE($D80:$P80,W$44)),"",LARGE($D80:$P80,W$44)) | X80: =IF(ISERROR(LARGE($D80:$P80,X$44)),"",LARGE($D80:$P80,X$44)) | Y80: =IF(ISERROR(LARGE($D80:$P80,Y$44)),"",LARGE($D80:$P80,Y$44)) | ... AD80: =IF(ISERROR(LARGE($D80:$P80,AD$44)),"",LARGE($D80:$P80,AD$44))
D81: =IF(D80="","",IF(D80=$R80,1,IF(D80=$S80,2,IF(D80=$T80,3,IF(D80=$U80,4,IF(D80=$V80,5,IF(D80=$W80,6,IF(D80=$X80,7,IF(D80=$Y80,8,IF(D80=$Z80,9,IF(D80=$AA80,10,IF(D80=$AB80,11,IF(D80=$AC80,12,IF(D80=$AD80,13)))))))))))))) | E81: =IF(E80="","",IF(E80=$R80,1,IF(E80=$S80,2,IF(E80=$T80,3,IF(E80=$U80,4,IF(E80=$V80,5,IF(E80=$W80,6,IF(E80=$X80,7,IF(E80=$Y80,8,IF(E80=$Z80,9,IF(E80=$AA80,10,IF(E80=$AB80,11,IF(E80=$AC80,12,IF(E80=$AD80,13)))))))))))))) | F81: =IF(F80="","",IF(F80=$R80,1,IF(F80=$S80,2,IF(F80=$T80,3,IF(F80=$U80,4,IF(F80=$V80,5,IF(F80=$W80,6,IF(F80=$X80,7,IF(F80=$Y80,8,IF(F80=$Z80,9,IF(F80=$AA80,10,IF(F80=$AB80,11,IF(F80=$AC80,12,IF(F80=$AD80,13)))))))))))))) | G81: =IF(G80="","",IF(G80=$R80,1,IF(G80=$S80,2,IF(G80=$T80,3,IF(G80=$U80,4,IF(G80=$V80,5,IF(G80=$W80,6,IF(G80=$X80,7,IF(G80=$Y80,8,IF(G80=$Z80,9,IF(G80=$AA80,10,IF(G80=$AB80,11,IF(G80=$AC80,12,IF(G80=$AD80,13)))))))))))))) | H81: =IF(H80="","",IF(H80=$R80,1,IF(H80=$S80,2,IF(H80=$T80,3,IF(H80=$U80,4,IF(H80=$V80,5,IF(H80=$W80,6,IF(H80=$X80,7,IF(H80=$Y80,8,IF(H80=$Z80,9,IF(H80=$AA80,10,IF(H80=$AB80,11,IF(H80=$AC80,12,IF(H80=$AD80,13)))))))))))))) | I81: =IF(I80="","",IF(I80=$R80,1,IF(I80=$S80,2,IF(I80=$T80,3,IF(I80=$U80,4,IF(I80=$V80,5,IF(I80=$W80,6,IF(I80=$X80,7,IF(I80=$Y80,8,IF(I80=$Z80,9,IF(I80=$AA80,10,IF(I80=$AB80,11,IF(I80=$AC80,12,IF(I80=$AD80,13)))))))))))))) | J81: =IF(J80="","",IF(J80=$R80,1,IF(J80=$S80,2,IF(J80=$T80,3,IF(J80=$U80,4,IF(J80=$V80,5,IF(J80=$W80,6,IF(J80=$X80,7,IF(J80=$Y80,8,IF(J80=$Z80,9,IF(J80=$AA80,10,IF(J80=$AB80,11,IF(J80=$AC80,12,IF(J80=$AD80,13)))))))))))))) | K81: =IF(K80="","",IF(K80=$R80,1,IF(K80=$S80,2,IF(K80=$T80,3,IF(K80=$U80,4,IF(K80=$V80,5,IF(K80=$W80,6,IF(K80=$X80,7,IF(K80=$Y80,8,IF(K80=$Z80,9,IF(K80=$AA80,10,IF(K80=$AB80,11,IF(K80=$AC80,12,IF(K80=$AD80,13)))))))))))))) | ... P81: =IF(P80="","",IF(P80=$R80,1,IF(P80=$S80,2,IF(P80=$T80,3,IF(P80=$U80,4,IF(P80=$V80,5,IF(P80=$W80,6,IF(P80=$X80,7,IF(P80=$Y80,8,IF(P80=$Z80,9,IF(P80=$AA80,10,IF(P80=$AB80,11,IF(P80=$AC80,12,IF(P80=$AD80,13))))))))))))))
D82: =IF(Tracking!J46="","",IF(Person!$C$20="m",ABS((Tracking!J46/4-D$45)),ABS((Tracking!J46/4-D$48)))) | E82: =IF(Tracking!K46="","",IF(Person!$C$20="m",ABS((Tracking!K46/4-E$45)),ABS((Tracking!K46/4-E$48)))) | F82: =IF(Tracking!L46="","",IF(Person!$C$20="m",ABS((Tracking!L46/4-F$45)),ABS((Tracking!L46/4-F$48)))) | G82: =IF(Tracking!M46="","",IF(Person!$C$20="m",ABS((Tracking!M46/4-G$45)),ABS((Tracking!M46/4-G$48)))) | H82: =IF(Tracking!N46="","",IF(Person!$C$20="m",ABS((Tracking!N46/4-H$45)),ABS((Tracking!N46/4-H$48)))) | I82: =IF(Tracking!O46="","",IF(Person!$C$20="m",ABS((Tracking!O46/4-I$45)),ABS((Tracking!O46/4-I$48)))) | J82: =IF(Tracking!P46="","",IF(Person!$C$20="m",ABS((Tracking!P46/4-J$45)),ABS((Tracking!P46/4-J$48)))) | K82: =IF(Tracking!Q46="","",IF(Person!$C$20="m",ABS((Tracking!Q46/4-K$45)),ABS((Tracking!Q46/4-K$48)))) | ... P82: =IF(Tracking!V46="","",IF(Person!$C$20="m",ABS((Tracking!V46/4-P$45)),ABS((Tracking!V46/4-P$48)))) | R82: =IF(ISERROR(LARGE($D82:$P82,R$44)),"",LARGE($D82:$P82,R$44)) | S82: =IF(ISERROR(LARGE($D82:$P82,S$44)),"",LARGE($D82:$P82,S$44)) | T82: =IF(ISERROR(LARGE($D82:$P82,T$44)),"",LARGE($D82:$P82,T$44)) | U82: =IF(ISERROR(LARGE($D82:$P82,U$44)),"",LARGE($D82:$P82,U$44)) | V82: =IF(ISERROR(LARGE($D82:$P82,V$44)),"",LARGE($D82:$P82,V$44)) | W82: =IF(ISERROR(LARGE($D82:$P82,W$44)),"",LARGE($D82:$P82,W$44)) | X82: =IF(ISERROR(LARGE($D82:$P82,X$44)),"",LARGE($D82:$P82,X$44)) | Y82: =IF(ISERROR(LARGE($D82:$P82,Y$44)),"",LARGE($D82:$P82,Y$44)) | ... AD82: =IF(ISERROR(LARGE($D82:$P82,AD$44)),"",LARGE($D82:$P82,AD$44))
D83: =IF(D82="","",IF(D82=$R82,1,IF(D82=$S82,2,IF(D82=$T82,3,IF(D82=$U82,4,IF(D82=$V82,5,IF(D82=$W82,6,IF(D82=$X82,7,IF(D82=$Y82,8,IF(D82=$Z82,9,IF(D82=$AA82,10,IF(D82=$AB82,11,IF(D82=$AC82,12,IF(D82=$AD82,13)))))))))))))) | E83: =IF(E82="","",IF(E82=$R82,1,IF(E82=$S82,2,IF(E82=$T82,3,IF(E82=$U82,4,IF(E82=$V82,5,IF(E82=$W82,6,IF(E82=$X82,7,IF(E82=$Y82,8,IF(E82=$Z82,9,IF(E82=$AA82,10,IF(E82=$AB82,11,IF(E82=$AC82,12,IF(E82=$AD82,13)))))))))))))) | F83: =IF(F82="","",IF(F82=$R82,1,IF(F82=$S82,2,IF(F82=$T82,3,IF(F82=$U82,4,IF(F82=$V82,5,IF(F82=$W82,6,IF(F82=$X82,7,IF(F82=$Y82,8,IF(F82=$Z82,9,IF(F82=$AA82,10,IF(F82=$AB82,11,IF(F82=$AC82,12,IF(F82=$AD82,13)))))))))))))) | G83: =IF(G82="","",IF(G82=$R82,1,IF(G82=$S82,2,IF(G82=$T82,3,IF(G82=$U82,4,IF(G82=$V82,5,IF(G82=$W82,6,IF(G82=$X82,7,IF(G82=$Y82,8,IF(G82=$Z82,9,IF(G82=$AA82,10,IF(G82=$AB82,11,IF(G82=$AC82,12,IF(G82=$AD82,13)))))))))))))) | H83: =IF(H82="","",IF(H82=$R82,1,IF(H82=$S82,2,IF(H82=$T82,3,IF(H82=$U82,4,IF(H82=$V82,5,IF(H82=$W82,6,IF(H82=$X82,7,IF(H82=$Y82,8,IF(H82=$Z82,9,IF(H82=$AA82,10,IF(H82=$AB82,11,IF(H82=$AC82,12,IF(H82=$AD82,13)))))))))))))) | I83: =IF(I82="","",IF(I82=$R82,1,IF(I82=$S82,2,IF(I82=$T82,3,IF(I82=$U82,4,IF(I82=$V82,5,IF(I82=$W82,6,IF(I82=$X82,7,IF(I82=$Y82,8,IF(I82=$Z82,9,IF(I82=$AA82,10,IF(I82=$AB82,11,IF(I82=$AC82,12,IF(I82=$AD82,13)))))))))))))) | J83: =IF(J82="","",IF(J82=$R82,1,IF(J82=$S82,2,IF(J82=$T82,3,IF(J82=$U82,4,IF(J82=$V82,5,IF(J82=$W82,6,IF(J82=$X82,7,IF(J82=$Y82,8,IF(J82=$Z82,9,IF(J82=$AA82,10,IF(J82=$AB82,11,IF(J82=$AC82,12,IF(J82=$AD82,13)))))))))))))) | K83: =IF(K82="","",IF(K82=$R82,1,IF(K82=$S82,2,IF(K82=$T82,3,IF(K82=$U82,4,IF(K82=$V82,5,IF(K82=$W82,6,IF(K82=$X82,7,IF(K82=$Y82,8,IF(K82=$Z82,9,IF(K82=$AA82,10,IF(K82=$AB82,11,IF(K82=$AC82,12,IF(K82=$AD82,13)))))))))))))) | ... P83: =IF(P82="","",IF(P82=$R82,1,IF(P82=$S82,2,IF(P82=$T82,3,IF(P82=$U82,4,IF(P82=$V82,5,IF(P82=$W82,6,IF(P82=$X82,7,IF(P82=$Y82,8,IF(P82=$Z82,9,IF(P82=$AA82,10,IF(P82=$AB82,11,IF(P82=$AC82,12,IF(P82=$AD82,13))))))))))))))
D84: =IF(Tracking!J48="","",IF(Person!$C$20="m",ABS((Tracking!J48/4-D$45)),ABS((Tracking!J48/4-D$48)))) | E84: =IF(Tracking!K48="","",IF(Person!$C$20="m",ABS((Tracking!K48/4-E$45)),ABS((Tracking!K48/4-E$48)))) | F84: =IF(Tracking!L48="","",IF(Person!$C$20="m",ABS((Tracking!L48/4-F$45)),ABS((Tracking!L48/4-F$48)))) | G84: =IF(Tracking!M48="","",IF(Person!$C$20="m",ABS((Tracking!M48/4-G$45)),ABS((Tracking!M48/4-G$48)))) | H84: =IF(Tracking!N48="","",IF(Person!$C$20="m",ABS((Tracking!N48/4-H$45)),ABS((Tracking!N48/4-H$48)))) | I84: =IF(Tracking!O48="","",IF(Person!$C$20="m",ABS((Tracking!O48/4-I$45)),ABS((Tracking!O48/4-I$48)))) | J84: =IF(Tracking!P48="","",IF(Person!$C$20="m",ABS((Tracking!P48/4-J$45)),ABS((Tracking!P48/4-J$48)))) | K84: =IF(Tracking!Q48="","",IF(Person!$C$20="m",ABS((Tracking!Q48/4-K$45)),ABS((Tracking!Q48/4-K$48)))) | ... P84: =IF(Tracking!V48="","",IF(Person!$C$20="m",ABS((Tracking!V48/4-P$45)),ABS((Tracking!V48/4-P$48)))) | R84: =IF(ISERROR(LARGE($D84:$P84,R$44)),"",LARGE($D84:$P84,R$44)) | S84: =IF(ISERROR(LARGE($D84:$P84,S$44)),"",LARGE($D84:$P84,S$44)) | T84: =IF(ISERROR(LARGE($D84:$P84,T$44)),"",LARGE($D84:$P84,T$44)) | U84: =IF(ISERROR(LARGE($D84:$P84,U$44)),"",LARGE($D84:$P84,U$44)) | V84: =IF(ISERROR(LARGE($D84:$P84,V$44)),"",LARGE($D84:$P84,V$44)) | W84: =IF(ISERROR(LARGE($D84:$P84,W$44)),"",LARGE($D84:$P84,W$44)) | X84: =IF(ISERROR(LARGE($D84:$P84,X$44)),"",LARGE($D84:$P84,X$44)) | Y84: =IF(ISERROR(LARGE($D84:$P84,Y$44)),"",LARGE($D84:$P84,Y$44)) | ... AD84: =IF(ISERROR(LARGE($D84:$P84,AD$44)),"",LARGE($D84:$P84,AD$44))
D85: =IF(D84="","",IF(D84=$R84,1,IF(D84=$S84,2,IF(D84=$T84,3,IF(D84=$U84,4,IF(D84=$V84,5,IF(D84=$W84,6,IF(D84=$X84,7,IF(D84=$Y84,8,IF(D84=$Z84,9,IF(D84=$AA84,10,IF(D84=$AB84,11,IF(D84=$AC84,12,IF(D84=$AD84,13)))))))))))))) | E85: =IF(E84="","",IF(E84=$R84,1,IF(E84=$S84,2,IF(E84=$T84,3,IF(E84=$U84,4,IF(E84=$V84,5,IF(E84=$W84,6,IF(E84=$X84,7,IF(E84=$Y84,8,IF(E84=$Z84,9,IF(E84=$AA84,10,IF(E84=$AB84,11,IF(E84=$AC84,12,IF(E84=$AD84,13)))))))))))))) | F85: =IF(F84="","",IF(F84=$R84,1,IF(F84=$S84,2,IF(F84=$T84,3,IF(F84=$U84,4,IF(F84=$V84,5,IF(F84=$W84,6,IF(F84=$X84,7,IF(F84=$Y84,8,IF(F84=$Z84,9,IF(F84=$AA84,10,IF(F84=$AB84,11,IF(F84=$AC84,12,IF(F84=$AD84,13)))))))))))))) | G85: =IF(G84="","",IF(G84=$R84,1,IF(G84=$S84,2,IF(G84=$T84,3,IF(G84=$U84,4,IF(G84=$V84,5,IF(G84=$W84,6,IF(G84=$X84,7,IF(G84=$Y84,8,IF(G84=$Z84,9,IF(G84=$AA84,10,IF(G84=$AB84,11,IF(G84=$AC84,12,IF(G84=$AD84,13)))))))))))))) | H85: =IF(H84="","",IF(H84=$R84,1,IF(H84=$S84,2,IF(H84=$T84,3,IF(H84=$U84,4,IF(H84=$V84,5,IF(H84=$W84,6,IF(H84=$X84,7,IF(H84=$Y84,8,IF(H84=$Z84,9,IF(H84=$AA84,10,IF(H84=$AB84,11,IF(H84=$AC84,12,IF(H84=$AD84,13)))))))))))))) | I85: =IF(I84="","",IF(I84=$R84,1,IF(I84=$S84,2,IF(I84=$T84,3,IF(I84=$U84,4,IF(I84=$V84,5,IF(I84=$W84,6,IF(I84=$X84,7,IF(I84=$Y84,8,IF(I84=$Z84,9,IF(I84=$AA84,10,IF(I84=$AB84,11,IF(I84=$AC84,12,IF(I84=$AD84,13)))))))))))))) | J85: =IF(J84="","",IF(J84=$R84,1,IF(J84=$S84,2,IF(J84=$T84,3,IF(J84=$U84,4,IF(J84=$V84,5,IF(J84=$W84,6,IF(J84=$X84,7,IF(J84=$Y84,8,IF(J84=$Z84,9,IF(J84=$AA84,10,IF(J84=$AB84,11,IF(J84=$AC84,12,IF(J84=$AD84,13)))))))))))))) | K85: =IF(K84="","",IF(K84=$R84,1,IF(K84=$S84,2,IF(K84=$T84,3,IF(K84=$U84,4,IF(K84=$V84,5,IF(K84=$W84,6,IF(K84=$X84,7,IF(K84=$Y84,8,IF(K84=$Z84,9,IF(K84=$AA84,10,IF(K84=$AB84,11,IF(K84=$AC84,12,IF(K84=$AD84,13)))))))))))))) | ... P85: =IF(P84="","",IF(P84=$R84,1,IF(P84=$S84,2,IF(P84=$T84,3,IF(P84=$U84,4,IF(P84=$V84,5,IF(P84=$W84,6,IF(P84=$X84,7,IF(P84=$Y84,8,IF(P84=$Z84,9,IF(P84=$AA84,10,IF(P84=$AB84,11,IF(P84=$AC84,12,IF(P84=$AD84,13))))))))))))))
D86: =IF(Tracking!J50="","",IF(Person!$C$20="m",ABS((Tracking!J50/4-D$45)),ABS((Tracking!J50/4-D$48)))) | E86: =IF(Tracking!K50="","",IF(Person!$C$20="m",ABS((Tracking!K50/4-E$45)),ABS((Tracking!K50/4-E$48)))) | F86: =IF(Tracking!L50="","",IF(Person!$C$20="m",ABS((Tracking!L50/4-F$45)),ABS((Tracking!L50/4-F$48)))) | G86: =IF(Tracking!M50="","",IF(Person!$C$20="m",ABS((Tracking!M50/4-G$45)),ABS((Tracking!M50/4-G$48)))) | H86: =IF(Tracking!N50="","",IF(Person!$C$20="m",ABS((Tracking!N50/4-H$45)),ABS((Tracking!N50/4-H$48)))) | I86: =IF(Tracking!O50="","",IF(Person!$C$20="m",ABS((Tracking!O50/4-I$45)),ABS((Tracking!O50/4-I$48)))) | J86: =IF(Tracking!P50="","",IF(Person!$C$20="m",ABS((Tracking!P50/4-J$45)),ABS((Tracking!P50/4-J$48)))) | K86: =IF(Tracking!Q50="","",IF(Person!$C$20="m",ABS((Tracking!Q50/4-K$45)),ABS((Tracking!Q50/4-K$48)))) | ... P86: =IF(Tracking!V50="","",IF(Person!$C$20="m",ABS((Tracking!V50/4-P$45)),ABS((Tracking!V50/4-P$48)))) | R86: =IF(ISERROR(LARGE($D86:$P86,R$44)),"",LARGE($D86:$P86,R$44)) | S86: =IF(ISERROR(LARGE($D86:$P86,S$44)),"",LARGE($D86:$P86,S$44)) | T86: =IF(ISERROR(LARGE($D86:$P86,T$44)),"",LARGE($D86:$P86,T$44)) | U86: =IF(ISERROR(LARGE($D86:$P86,U$44)),"",LARGE($D86:$P86,U$44)) | V86: =IF(ISERROR(LARGE($D86:$P86,V$44)),"",LARGE($D86:$P86,V$44)) | W86: =IF(ISERROR(LARGE($D86:$P86,W$44)),"",LARGE($D86:$P86,W$44)) | X86: =IF(ISERROR(LARGE($D86:$P86,X$44)),"",LARGE($D86:$P86,X$44)) | Y86: =IF(ISERROR(LARGE($D86:$P86,Y$44)),"",LARGE($D86:$P86,Y$44)) | ... AD86: =IF(ISERROR(LARGE($D86:$P86,AD$44)),"",LARGE($D86:$P86,AD$44))
D87: =IF(D86="","",IF(D86=$R86,1,IF(D86=$S86,2,IF(D86=$T86,3,IF(D86=$U86,4,IF(D86=$V86,5,IF(D86=$W86,6,IF(D86=$X86,7,IF(D86=$Y86,8,IF(D86=$Z86,9,IF(D86=$AA86,10,IF(D86=$AB86,11,IF(D86=$AC86,12,IF(D86=$AD86,13)))))))))))))) | E87: =IF(E86="","",IF(E86=$R86,1,IF(E86=$S86,2,IF(E86=$T86,3,IF(E86=$U86,4,IF(E86=$V86,5,IF(E86=$W86,6,IF(E86=$X86,7,IF(E86=$Y86,8,IF(E86=$Z86,9,IF(E86=$AA86,10,IF(E86=$AB86,11,IF(E86=$AC86,12,IF(E86=$AD86,13)))))))))))))) | F87: =IF(F86="","",IF(F86=$R86,1,IF(F86=$S86,2,IF(F86=$T86,3,IF(F86=$U86,4,IF(F86=$V86,5,IF(F86=$W86,6,IF(F86=$X86,7,IF(F86=$Y86,8,IF(F86=$Z86,9,IF(F86=$AA86,10,IF(F86=$AB86,11,IF(F86=$AC86,12,IF(F86=$AD86,13)))))))))))))) | G87: =IF(G86="","",IF(G86=$R86,1,IF(G86=$S86,2,IF(G86=$T86,3,IF(G86=$U86,4,IF(G86=$V86,5,IF(G86=$W86,6,IF(G86=$X86,7,IF(G86=$Y86,8,IF(G86=$Z86,9,IF(G86=$AA86,10,IF(G86=$AB86,11,IF(G86=$AC86,12,IF(G86=$AD86,13)))))))))))))) | H87: =IF(H86="","",IF(H86=$R86,1,IF(H86=$S86,2,IF(H86=$T86,3,IF(H86=$U86,4,IF(H86=$V86,5,IF(H86=$W86,6,IF(H86=$X86,7,IF(H86=$Y86,8,IF(H86=$Z86,9,IF(H86=$AA86,10,IF(H86=$AB86,11,IF(H86=$AC86,12,IF(H86=$AD86,13)))))))))))))) | I87: =IF(I86="","",IF(I86=$R86,1,IF(I86=$S86,2,IF(I86=$T86,3,IF(I86=$U86,4,IF(I86=$V86,5,IF(I86=$W86,6,IF(I86=$X86,7,IF(I86=$Y86,8,IF(I86=$Z86,9,IF(I86=$AA86,10,IF(I86=$AB86,11,IF(I86=$AC86,12,IF(I86=$AD86,13)))))))))))))) | J87: =IF(J86="","",IF(J86=$R86,1,IF(J86=$S86,2,IF(J86=$T86,3,IF(J86=$U86,4,IF(J86=$V86,5,IF(J86=$W86,6,IF(J86=$X86,7,IF(J86=$Y86,8,IF(J86=$Z86,9,IF(J86=$AA86,10,IF(J86=$AB86,11,IF(J86=$AC86,12,IF(J86=$AD86,13)))))))))))))) | K87: =IF(K86="","",IF(K86=$R86,1,IF(K86=$S86,2,IF(K86=$T86,3,IF(K86=$U86,4,IF(K86=$V86,5,IF(K86=$W86,6,IF(K86=$X86,7,IF(K86=$Y86,8,IF(K86=$Z86,9,IF(K86=$AA86,10,IF(K86=$AB86,11,IF(K86=$AC86,12,IF(K86=$AD86,13)))))))))))))) | ... P87: =IF(P86="","",IF(P86=$R86,1,IF(P86=$S86,2,IF(P86=$T86,3,IF(P86=$U86,4,IF(P86=$V86,5,IF(P86=$W86,6,IF(P86=$X86,7,IF(P86=$Y86,8,IF(P86=$Z86,9,IF(P86=$AA86,10,IF(P86=$AB86,11,IF(P86=$AC86,12,IF(P86=$AD86,13))))))))))))))
D88: =IF(Tracking!J52="","",IF(Person!$C$20="m",ABS((Tracking!J52/4-D$45)),ABS((Tracking!J52/4-D$48)))) | E88: =IF(Tracking!K52="","",IF(Person!$C$20="m",ABS((Tracking!K52/4-E$45)),ABS((Tracking!K52/4-E$48)))) | F88: =IF(Tracking!L52="","",IF(Person!$C$20="m",ABS((Tracking!L52/4-F$45)),ABS((Tracking!L52/4-F$48)))) | G88: =IF(Tracking!M52="","",IF(Person!$C$20="m",ABS((Tracking!M52/4-G$45)),ABS((Tracking!M52/4-G$48)))) | H88: =IF(Tracking!N52="","",IF(Person!$C$20="m",ABS((Tracking!N52/4-H$45)),ABS((Tracking!N52/4-H$48)))) | I88: =IF(Tracking!O52="","",IF(Person!$C$20="m",ABS((Tracking!O52/4-I$45)),ABS((Tracking!O52/4-I$48)))) | J88: =IF(Tracking!P52="","",IF(Person!$C$20="m",ABS((Tracking!P52/4-J$45)),ABS((Tracking!P52/4-J$48)))) | K88: =IF(Tracking!Q52="","",IF(Person!$C$20="m",ABS((Tracking!Q52/4-K$45)),ABS((Tracking!Q52/4-K$48)))) | ... P88: =IF(Tracking!V52="","",IF(Person!$C$20="m",ABS((Tracking!V52/4-P$45)),ABS((Tracking!V52/4-P$48)))) | R88: =IF(ISERROR(LARGE($D88:$P88,R$44)),"",LARGE($D88:$P88,R$44)) | S88: =IF(ISERROR(LARGE($D88:$P88,S$44)),"",LARGE($D88:$P88,S$44)) | T88: =IF(ISERROR(LARGE($D88:$P88,T$44)),"",LARGE($D88:$P88,T$44)) | U88: =IF(ISERROR(LARGE($D88:$P88,U$44)),"",LARGE($D88:$P88,U$44)) | V88: =IF(ISERROR(LARGE($D88:$P88,V$44)),"",LARGE($D88:$P88,V$44)) | W88: =IF(ISERROR(LARGE($D88:$P88,W$44)),"",LARGE($D88:$P88,W$44)) | X88: =IF(ISERROR(LARGE($D88:$P88,X$44)),"",LARGE($D88:$P88,X$44)) | Y88: =IF(ISERROR(LARGE($D88:$P88,Y$44)),"",LARGE($D88:$P88,Y$44)) | ... AD88: =IF(ISERROR(LARGE($D88:$P88,AD$44)),"",LARGE($D88:$P88,AD$44))
D89: =IF(D88="","",IF(D88=$R88,1,IF(D88=$S88,2,IF(D88=$T88,3,IF(D88=$U88,4,IF(D88=$V88,5,IF(D88=$W88,6,IF(D88=$X88,7,IF(D88=$Y88,8,IF(D88=$Z88,9,IF(D88=$AA88,10,IF(D88=$AB88,11,IF(D88=$AC88,12,IF(D88=$AD88,13)))))))))))))) | E89: =IF(E88="","",IF(E88=$R88,1,IF(E88=$S88,2,IF(E88=$T88,3,IF(E88=$U88,4,IF(E88=$V88,5,IF(E88=$W88,6,IF(E88=$X88,7,IF(E88=$Y88,8,IF(E88=$Z88,9,IF(E88=$AA88,10,IF(E88=$AB88,11,IF(E88=$AC88,12,IF(E88=$AD88,13)))))))))))))) | F89: =IF(F88="","",IF(F88=$R88,1,IF(F88=$S88,2,IF(F88=$T88,3,IF(F88=$U88,4,IF(F88=$V88,5,IF(F88=$W88,6,IF(F88=$X88,7,IF(F88=$Y88,8,IF(F88=$Z88,9,IF(F88=$AA88,10,IF(F88=$AB88,11,IF(F88=$AC88,12,IF(F88=$AD88,13)))))))))))))) | G89: =IF(G88="","",IF(G88=$R88,1,IF(G88=$S88,2,IF(G88=$T88,3,IF(G88=$U88,4,IF(G88=$V88,5,IF(G88=$W88,6,IF(G88=$X88,7,IF(G88=$Y88,8,IF(G88=$Z88,9,IF(G88=$AA88,10,IF(G88=$AB88,11,IF(G88=$AC88,12,IF(G88=$AD88,13)))))))))))))) | H89: =IF(H88="","",IF(H88=$R88,1,IF(H88=$S88,2,IF(H88=$T88,3,IF(H88=$U88,4,IF(H88=$V88,5,IF(H88=$W88,6,IF(H88=$X88,7,IF(H88=$Y88,8,IF(H88=$Z88,9,IF(H88=$AA88,10,IF(H88=$AB88,11,IF(H88=$AC88,12,IF(H88=$AD88,13)))))))))))))) | I89: =IF(I88="","",IF(I88=$R88,1,IF(I88=$S88,2,IF(I88=$T88,3,IF(I88=$U88,4,IF(I88=$V88,5,IF(I88=$W88,6,IF(I88=$X88,7,IF(I88=$Y88,8,IF(I88=$Z88,9,IF(I88=$AA88,10,IF(I88=$AB88,11,IF(I88=$AC88,12,IF(I88=$AD88,13)))))))))))))) | J89: =IF(J88="","",IF(J88=$R88,1,IF(J88=$S88,2,IF(J88=$T88,3,IF(J88=$U88,4,IF(J88=$V88,5,IF(J88=$W88,6,IF(J88=$X88,7,IF(J88=$Y88,8,IF(J88=$Z88,9,IF(J88=$AA88,10,IF(J88=$AB88,11,IF(J88=$AC88,12,IF(J88=$AD88,13)))))))))))))) | K89: =IF(K88="","",IF(K88=$R88,1,IF(K88=$S88,2,IF(K88=$T88,3,IF(K88=$U88,4,IF(K88=$V88,5,IF(K88=$W88,6,IF(K88=$X88,7,IF(K88=$Y88,8,IF(K88=$Z88,9,IF(K88=$AA88,10,IF(K88=$AB88,11,IF(K88=$AC88,12,IF(K88=$AD88,13)))))))))))))) | ... P89: =IF(P88="","",IF(P88=$R88,1,IF(P88=$S88,2,IF(P88=$T88,3,IF(P88=$U88,4,IF(P88=$V88,5,IF(P88=$W88,6,IF(P88=$X88,7,IF(P88=$Y88,8,IF(P88=$Z88,9,IF(P88=$AA88,10,IF(P88=$AB88,11,IF(P88=$AC88,12,IF(P88=$AD88,13))))))))))))))
D90: =IF(Tracking!J54="","",IF(Person!$C$20="m",ABS((Tracking!J54/4-D$45)),ABS((Tracking!J54/4-D$48)))) | E90: =IF(Tracking!K54="","",IF(Person!$C$20="m",ABS((Tracking!K54/4-E$45)),ABS((Tracking!K54/4-E$48)))) | F90: =IF(Tracking!L54="","",IF(Person!$C$20="m",ABS((Tracking!L54/4-F$45)),ABS((Tracking!L54/4-F$48)))) | G90: =IF(Tracking!M54="","",IF(Person!$C$20="m",ABS((Tracking!M54/4-G$45)),ABS((Tracking!M54/4-G$48)))) | H90: =IF(Tracking!N54="","",IF(Person!$C$20="m",ABS((Tracking!N54/4-H$45)),ABS((Tracking!N54/4-H$48)))) | I90: =IF(Tracking!O54="","",IF(Person!$C$20="m",ABS((Tracking!O54/4-I$45)),ABS((Tracking!O54/4-I$48)))) | J90: =IF(Tracking!P54="","",IF(Person!$C$20="m",ABS((Tracking!P54/4-J$45)),ABS((Tracking!P54/4-J$48)))) | K90: =IF(Tracking!Q54="","",IF(Person!$C$20="m",ABS((Tracking!Q54/4-K$45)),ABS((Tracking!Q54/4-K$48)))) | ... P90: =IF(Tracking!V54="","",IF(Person!$C$20="m",ABS((Tracking!V54/4-P$45)),ABS((Tracking!V54/4-P$48)))) | R90: =IF(ISERROR(LARGE($D90:$P90,R$44)),"",LARGE($D90:$P90,R$44)) | S90: =IF(ISERROR(LARGE($D90:$P90,S$44)),"",LARGE($D90:$P90,S$44)) | T90: =IF(ISERROR(LARGE($D90:$P90,T$44)),"",LARGE($D90:$P90,T$44)) | U90: =IF(ISERROR(LARGE($D90:$P90,U$44)),"",LARGE($D90:$P90,U$44)) | V90: =IF(ISERROR(LARGE($D90:$P90,V$44)),"",LARGE($D90:$P90,V$44)) | W90: =IF(ISERROR(LARGE($D90:$P90,W$44)),"",LARGE($D90:$P90,W$44)) | X90: =IF(ISERROR(LARGE($D90:$P90,X$44)),"",LARGE($D90:$P90,X$44)) | Y90: =IF(ISERROR(LARGE($D90:$P90,Y$44)),"",LARGE($D90:$P90,Y$44)) | ... AD90: =IF(ISERROR(LARGE($D90:$P90,AD$44)),"",LARGE($D90:$P90,AD$44))
D91: =IF(D90="","",IF(D90=$R90,1,IF(D90=$S90,2,IF(D90=$T90,3,IF(D90=$U90,4,IF(D90=$V90,5,IF(D90=$W90,6,IF(D90=$X90,7,IF(D90=$Y90,8,IF(D90=$Z90,9,IF(D90=$AA90,10,IF(D90=$AB90,11,IF(D90=$AC90,12,IF(D90=$AD90,13)))))))))))))) | E91: =IF(E90="","",IF(E90=$R90,1,IF(E90=$S90,2,IF(E90=$T90,3,IF(E90=$U90,4,IF(E90=$V90,5,IF(E90=$W90,6,IF(E90=$X90,7,IF(E90=$Y90,8,IF(E90=$Z90,9,IF(E90=$AA90,10,IF(E90=$AB90,11,IF(E90=$AC90,12,IF(E90=$AD90,13)))))))))))))) | F91: =IF(F90="","",IF(F90=$R90,1,IF(F90=$S90,2,IF(F90=$T90,3,IF(F90=$U90,4,IF(F90=$V90,5,IF(F90=$W90,6,IF(F90=$X90,7,IF(F90=$Y90,8,IF(F90=$Z90,9,IF(F90=$AA90,10,IF(F90=$AB90,11,IF(F90=$AC90,12,IF(F90=$AD90,13)))))))))))))) | G91: =IF(G90="","",IF(G90=$R90,1,IF(G90=$S90,2,IF(G90=$T90,3,IF(G90=$U90,4,IF(G90=$V90,5,IF(G90=$W90,6,IF(G90=$X90,7,IF(G90=$Y90,8,IF(G90=$Z90,9,IF(G90=$AA90,10,IF(G90=$AB90,11,IF(G90=$AC90,12,IF(G90=$AD90,13)))))))))))))) | H91: =IF(H90="","",IF(H90=$R90,1,IF(H90=$S90,2,IF(H90=$T90,3,IF(H90=$U90,4,IF(H90=$V90,5,IF(H90=$W90,6,IF(H90=$X90,7,IF(H90=$Y90,8,IF(H90=$Z90,9,IF(H90=$AA90,10,IF(H90=$AB90,11,IF(H90=$AC90,12,IF(H90=$AD90,13)))))))))))))) | I91: =IF(I90="","",IF(I90=$R90,1,IF(I90=$S90,2,IF(I90=$T90,3,IF(I90=$U90,4,IF(I90=$V90,5,IF(I90=$W90,6,IF(I90=$X90,7,IF(I90=$Y90,8,IF(I90=$Z90,9,IF(I90=$AA90,10,IF(I90=$AB90,11,IF(I90=$AC90,12,IF(I90=$AD90,13)))))))))))))) | J91: =IF(J90="","",IF(J90=$R90,1,IF(J90=$S90,2,IF(J90=$T90,3,IF(J90=$U90,4,IF(J90=$V90,5,IF(J90=$W90,6,IF(J90=$X90,7,IF(J90=$Y90,8,IF(J90=$Z90,9,IF(J90=$AA90,10,IF(J90=$AB90,11,IF(J90=$AC90,12,IF(J90=$AD90,13)))))))))))))) | K91: =IF(K90="","",IF(K90=$R90,1,IF(K90=$S90,2,IF(K90=$T90,3,IF(K90=$U90,4,IF(K90=$V90,5,IF(K90=$W90,6,IF(K90=$X90,7,IF(K90=$Y90,8,IF(K90=$Z90,9,IF(K90=$AA90,10,IF(K90=$AB90,11,IF(K90=$AC90,12,IF(K90=$AD90,13)))))))))))))) | ... P91: =IF(P90="","",IF(P90=$R90,1,IF(P90=$S90,2,IF(P90=$T90,3,IF(P90=$U90,4,IF(P90=$V90,5,IF(P90=$W90,6,IF(P90=$X90,7,IF(P90=$Y90,8,IF(P90=$Z90,9,IF(P90=$AA90,10,IF(P90=$AB90,11,IF(P90=$AC90,12,IF(P90=$AD90,13))))))))))))))
D92: =IF(Tracking!J56="","",IF(Person!$C$20="m",ABS((Tracking!J56/4-D$45)),ABS((Tracking!J56/4-D$48)))) | E92: =IF(Tracking!K56="","",IF(Person!$C$20="m",ABS((Tracking!K56/4-E$45)),ABS((Tracking!K56/4-E$48)))) | F92: =IF(Tracking!L56="","",IF(Person!$C$20="m",ABS((Tracking!L56/4-F$45)),ABS((Tracking!L56/4-F$48)))) | G92: =IF(Tracking!M56="","",IF(Person!$C$20="m",ABS((Tracking!M56/4-G$45)),ABS((Tracking!M56/4-G$48)))) | H92: =IF(Tracking!N56="","",IF(Person!$C$20="m",ABS((Tracking!N56/4-H$45)),ABS((Tracking!N56/4-H$48)))) | I92: =IF(Tracking!O56="","",IF(Person!$C$20="m",ABS((Tracking!O56/4-I$45)),ABS((Tracking!O56/4-I$48)))) | J92: =IF(Tracking!P56="","",IF(Person!$C$20="m",ABS((Tracking!P56/4-J$45)),ABS((Tracking!P56/4-J$48)))) | K92: =IF(Tracking!Q56="","",IF(Person!$C$20="m",ABS((Tracking!Q56/4-K$45)),ABS((Tracking!Q56/4-K$48)))) | ... P92: =IF(Tracking!V56="","",IF(Person!$C$20="m",ABS((Tracking!V56/4-P$45)),ABS((Tracking!V56/4-P$48)))) | R92: =IF(ISERROR(LARGE($D92:$P92,R$44)),"",LARGE($D92:$P92,R$44)) | S92: =IF(ISERROR(LARGE($D92:$P92,S$44)),"",LARGE($D92:$P92,S$44)) | T92: =IF(ISERROR(LARGE($D92:$P92,T$44)),"",LARGE($D92:$P92,T$44)) | U92: =IF(ISERROR(LARGE($D92:$P92,U$44)),"",LARGE($D92:$P92,U$44)) | V92: =IF(ISERROR(LARGE($D92:$P92,V$44)),"",LARGE($D92:$P92,V$44)) | W92: =IF(ISERROR(LARGE($D92:$P92,W$44)),"",LARGE($D92:$P92,W$44)) | X92: =IF(ISERROR(LARGE($D92:$P92,X$44)),"",LARGE($D92:$P92,X$44)) | Y92: =IF(ISERROR(LARGE($D92:$P92,Y$44)),"",LARGE($D92:$P92,Y$44)) | ... AD92: =IF(ISERROR(LARGE($D92:$P92,AD$44)),"",LARGE($D92:$P92,AD$44))
D93: =IF(D92="","",IF(D92=$R92,1,IF(D92=$S92,2,IF(D92=$T92,3,IF(D92=$U92,4,IF(D92=$V92,5,IF(D92=$W92,6,IF(D92=$X92,7,IF(D92=$Y92,8,IF(D92=$Z92,9,IF(D92=$AA92,10,IF(D92=$AB92,11,IF(D92=$AC92,12,IF(D92=$AD92,13)))))))))))))) | E93: =IF(E92="","",IF(E92=$R92,1,IF(E92=$S92,2,IF(E92=$T92,3,IF(E92=$U92,4,IF(E92=$V92,5,IF(E92=$W92,6,IF(E92=$X92,7,IF(E92=$Y92,8,IF(E92=$Z92,9,IF(E92=$AA92,10,IF(E92=$AB92,11,IF(E92=$AC92,12,IF(E92=$AD92,13)))))))))))))) | F93: =IF(F92="","",IF(F92=$R92,1,IF(F92=$S92,2,IF(F92=$T92,3,IF(F92=$U92,4,IF(F92=$V92,5,IF(F92=$W92,6,IF(F92=$X92,7,IF(F92=$Y92,8,IF(F92=$Z92,9,IF(F92=$AA92,10,IF(F92=$AB92,11,IF(F92=$AC92,12,IF(F92=$AD92,13)))))))))))))) | G93: =IF(G92="","",IF(G92=$R92,1,IF(G92=$S92,2,IF(G92=$T92,3,IF(G92=$U92,4,IF(G92=$V92,5,IF(G92=$W92,6,IF(G92=$X92,7,IF(G92=$Y92,8,IF(G92=$Z92,9,IF(G92=$AA92,10,IF(G92=$AB92,11,IF(G92=$AC92,12,IF(G92=$AD92,13)))))))))))))) | H93: =IF(H92="","",IF(H92=$R92,1,IF(H92=$S92,2,IF(H92=$T92,3,IF(H92=$U92,4,IF(H92=$V92,5,IF(H92=$W92,6,IF(H92=$X92,7,IF(H92=$Y92,8,IF(H92=$Z92,9,IF(H92=$AA92,10,IF(H92=$AB92,11,IF(H92=$AC92,12,IF(H92=$AD92,13)))))))))))))) | I93: =IF(I92="","",IF(I92=$R92,1,IF(I92=$S92,2,IF(I92=$T92,3,IF(I92=$U92,4,IF(I92=$V92,5,IF(I92=$W92,6,IF(I92=$X92,7,IF(I92=$Y92,8,IF(I92=$Z92,9,IF(I92=$AA92,10,IF(I92=$AB92,11,IF(I92=$AC92,12,IF(I92=$AD92,13)))))))))))))) | J93: =IF(J92="","",IF(J92=$R92,1,IF(J92=$S92,2,IF(J92=$T92,3,IF(J92=$U92,4,IF(J92=$V92,5,IF(J92=$W92,6,IF(J92=$X92,7,IF(J92=$Y92,8,IF(J92=$Z92,9,IF(J92=$AA92,10,IF(J92=$AB92,11,IF(J92=$AC92,12,IF(J92=$AD92,13)))))))))))))) | K93: =IF(K92="","",IF(K92=$R92,1,IF(K92=$S92,2,IF(K92=$T92,3,IF(K92=$U92,4,IF(K92=$V92,5,IF(K92=$W92,6,IF(K92=$X92,7,IF(K92=$Y92,8,IF(K92=$Z92,9,IF(K92=$AA92,10,IF(K92=$AB92,11,IF(K92=$AC92,12,IF(K92=$AD92,13)))))))))))))) | ... P93: =IF(P92="","",IF(P92=$R92,1,IF(P92=$S92,2,IF(P92=$T92,3,IF(P92=$U92,4,IF(P92=$V92,5,IF(P92=$W92,6,IF(P92=$X92,7,IF(P92=$Y92,8,IF(P92=$Z92,9,IF(P92=$AA92,10,IF(P92=$AB92,11,IF(P92=$AC92,12,IF(P92=$AD92,13))))))))))))))
D94: =IF(Tracking!J58="","",IF(Person!$C$20="m",ABS((Tracking!J58/4-D$45)),ABS((Tracking!J58/4-D$48)))) | E94: =IF(Tracking!K58="","",IF(Person!$C$20="m",ABS((Tracking!K58/4-E$45)),ABS((Tracking!K58/4-E$48)))) | F94: =IF(Tracking!L58="","",IF(Person!$C$20="m",ABS((Tracking!L58/4-F$45)),ABS((Tracking!L58/4-F$48)))) | G94: =IF(Tracking!M58="","",IF(Person!$C$20="m",ABS((Tracking!M58/4-G$45)),ABS((Tracking!M58/4-G$48)))) | H94: =IF(Tracking!N58="","",IF(Person!$C$20="m",ABS((Tracking!N58/4-H$45)),ABS((Tracking!N58/4-H$48)))) | I94: =IF(Tracking!O58="","",IF(Person!$C$20="m",ABS((Tracking!O58/4-I$45)),ABS((Tracking!O58/4-I$48)))) | J94: =IF(Tracking!P58="","",IF(Person!$C$20="m",ABS((Tracking!P58/4-J$45)),ABS((Tracking!P58/4-J$48)))) | K94: =IF(Tracking!Q58="","",IF(Person!$C$20="m",ABS((Tracking!Q58/4-K$45)),ABS((Tracking!Q58/4-K$48)))) | ... P94: =IF(Tracking!V58="","",IF(Person!$C$20="m",ABS((Tracking!V58/4-P$45)),ABS((Tracking!V58/4-P$48)))) | R94: =IF(ISERROR(LARGE($D94:$P94,R$44)),"",LARGE($D94:$P94,R$44)) | S94: =IF(ISERROR(LARGE($D94:$P94,S$44)),"",LARGE($D94:$P94,S$44)) | T94: =IF(ISERROR(LARGE($D94:$P94,T$44)),"",LARGE($D94:$P94,T$44)) | U94: =IF(ISERROR(LARGE($D94:$P94,U$44)),"",LARGE($D94:$P94,U$44)) | V94: =IF(ISERROR(LARGE($D94:$P94,V$44)),"",LARGE($D94:$P94,V$44)) | W94: =IF(ISERROR(LARGE($D94:$P94,W$44)),"",LARGE($D94:$P94,W$44)) | X94: =IF(ISERROR(LARGE($D94:$P94,X$44)),"",LARGE($D94:$P94,X$44)) | Y94: =IF(ISERROR(LARGE($D94:$P94,Y$44)),"",LARGE($D94:$P94,Y$44)) | ... AD94: =IF(ISERROR(LARGE($D94:$P94,AD$44)),"",LARGE($D94:$P94,AD$44))
D95: =IF(D94="","",IF(D94=$R94,1,IF(D94=$S94,2,IF(D94=$T94,3,IF(D94=$U94,4,IF(D94=$V94,5,IF(D94=$W94,6,IF(D94=$X94,7,IF(D94=$Y94,8,IF(D94=$Z94,9,IF(D94=$AA94,10,IF(D94=$AB94,11,IF(D94=$AC94,12,IF(D94=$AD94,13)))))))))))))) | E95: =IF(E94="","",IF(E94=$R94,1,IF(E94=$S94,2,IF(E94=$T94,3,IF(E94=$U94,4,IF(E94=$V94,5,IF(E94=$W94,6,IF(E94=$X94,7,IF(E94=$Y94,8,IF(E94=$Z94,9,IF(E94=$AA94,10,IF(E94=$AB94,11,IF(E94=$AC94,12,IF(E94=$AD94,13)))))))))))))) | F95: =IF(F94="","",IF(F94=$R94,1,IF(F94=$S94,2,IF(F94=$T94,3,IF(F94=$U94,4,IF(F94=$V94,5,IF(F94=$W94,6,IF(F94=$X94,7,IF(F94=$Y94,8,IF(F94=$Z94,9,IF(F94=$AA94,10,IF(F94=$AB94,11,IF(F94=$AC94,12,IF(F94=$AD94,13)))))))))))))) | G95: =IF(G94="","",IF(G94=$R94,1,IF(G94=$S94,2,IF(G94=$T94,3,IF(G94=$U94,4,IF(G94=$V94,5,IF(G94=$W94,6,IF(G94=$X94,7,IF(G94=$Y94,8,IF(G94=$Z94,9,IF(G94=$AA94,10,IF(G94=$AB94,11,IF(G94=$AC94,12,IF(G94=$AD94,13)))))))))))))) | H95: =IF(H94="","",IF(H94=$R94,1,IF(H94=$S94,2,IF(H94=$T94,3,IF(H94=$U94,4,IF(H94=$V94,5,IF(H94=$W94,6,IF(H94=$X94,7,IF(H94=$Y94,8,IF(H94=$Z94,9,IF(H94=$AA94,10,IF(H94=$AB94,11,IF(H94=$AC94,12,IF(H94=$AD94,13)))))))))))))) | I95: =IF(I94="","",IF(I94=$R94,1,IF(I94=$S94,2,IF(I94=$T94,3,IF(I94=$U94,4,IF(I94=$V94,5,IF(I94=$W94,6,IF(I94=$X94,7,IF(I94=$Y94,8,IF(I94=$Z94,9,IF(I94=$AA94,10,IF(I94=$AB94,11,IF(I94=$AC94,12,IF(I94=$AD94,13)))))))))))))) | J95: =IF(J94="","",IF(J94=$R94,1,IF(J94=$S94,2,IF(J94=$T94,3,IF(J94=$U94,4,IF(J94=$V94,5,IF(J94=$W94,6,IF(J94=$X94,7,IF(J94=$Y94,8,IF(J94=$Z94,9,IF(J94=$AA94,10,IF(J94=$AB94,11,IF(J94=$AC94,12,IF(J94=$AD94,13)))))))))))))) | K95: =IF(K94="","",IF(K94=$R94,1,IF(K94=$S94,2,IF(K94=$T94,3,IF(K94=$U94,4,IF(K94=$V94,5,IF(K94=$W94,6,IF(K94=$X94,7,IF(K94=$Y94,8,IF(K94=$Z94,9,IF(K94=$AA94,10,IF(K94=$AB94,11,IF(K94=$AC94,12,IF(K94=$AD94,13)))))))))))))) | ... P95: =IF(P94="","",IF(P94=$R94,1,IF(P94=$S94,2,IF(P94=$T94,3,IF(P94=$U94,4,IF(P94=$V94,5,IF(P94=$W94,6,IF(P94=$X94,7,IF(P94=$Y94,8,IF(P94=$Z94,9,IF(P94=$AA94,10,IF(P94=$AB94,11,IF(P94=$AC94,12,IF(P94=$AD94,13))))))))))))))
D96: =IF(Tracking!J60="","",IF(Person!$C$20="m",ABS((Tracking!J60/4-D$45)),ABS((Tracking!J60/4-D$48)))) | E96: =IF(Tracking!K60="","",IF(Person!$C$20="m",ABS((Tracking!K60/4-E$45)),ABS((Tracking!K60/4-E$48)))) | F96: =IF(Tracking!L60="","",IF(Person!$C$20="m",ABS((Tracking!L60/4-F$45)),ABS((Tracking!L60/4-F$48)))) | G96: =IF(Tracking!M60="","",IF(Person!$C$20="m",ABS((Tracking!M60/4-G$45)),ABS((Tracking!M60/4-G$48)))) | H96: =IF(Tracking!N60="","",IF(Person!$C$20="m",ABS((Tracking!N60/4-H$45)),ABS((Tracking!N60/4-H$48)))) | I96: =IF(Tracking!O60="","",IF(Person!$C$20="m",ABS((Tracking!O60/4-I$45)),ABS((Tracking!O60/4-I$48)))) | J96: =IF(Tracking!P60="","",IF(Person!$C$20="m",ABS((Tracking!P60/4-J$45)),ABS((Tracking!P60/4-J$48)))) | K96: =IF(Tracking!Q60="","",IF(Person!$C$20="m",ABS((Tracking!Q60/4-K$45)),ABS((Tracking!Q60/4-K$48)))) | ... P96: =IF(Tracking!V60="","",IF(Person!$C$20="m",ABS((Tracking!V60/4-P$45)),ABS((Tracking!V60/4-P$48)))) | R96: =IF(ISERROR(LARGE($D96:$P96,R$44)),"",LARGE($D96:$P96,R$44)) | S96: =IF(ISERROR(LARGE($D96:$P96,S$44)),"",LARGE($D96:$P96,S$44)) | T96: =IF(ISERROR(LARGE($D96:$P96,T$44)),"",LARGE($D96:$P96,T$44)) | U96: =IF(ISERROR(LARGE($D96:$P96,U$44)),"",LARGE($D96:$P96,U$44)) | V96: =IF(ISERROR(LARGE($D96:$P96,V$44)),"",LARGE($D96:$P96,V$44)) | W96: =IF(ISERROR(LARGE($D96:$P96,W$44)),"",LARGE($D96:$P96,W$44)) | X96: =IF(ISERROR(LARGE($D96:$P96,X$44)),"",LARGE($D96:$P96,X$44)) | Y96: =IF(ISERROR(LARGE($D96:$P96,Y$44)),"",LARGE($D96:$P96,Y$44)) | ... AD96: =IF(ISERROR(LARGE($D96:$P96,AD$44)),"",LARGE($D96:$P96,AD$44))
D97: =IF(D96="","",IF(D96=$R96,1,IF(D96=$S96,2,IF(D96=$T96,3,IF(D96=$U96,4,IF(D96=$V96,5,IF(D96=$W96,6,IF(D96=$X96,7,IF(D96=$Y96,8,IF(D96=$Z96,9,IF(D96=$AA96,10,IF(D96=$AB96,11,IF(D96=$AC96,12,IF(D96=$AD96,13)))))))))))))) | E97: =IF(E96="","",IF(E96=$R96,1,IF(E96=$S96,2,IF(E96=$T96,3,IF(E96=$U96,4,IF(E96=$V96,5,IF(E96=$W96,6,IF(E96=$X96,7,IF(E96=$Y96,8,IF(E96=$Z96,9,IF(E96=$AA96,10,IF(E96=$AB96,11,IF(E96=$AC96,12,IF(E96=$AD96,13)))))))))))))) | F97: =IF(F96="","",IF(F96=$R96,1,IF(F96=$S96,2,IF(F96=$T96,3,IF(F96=$U96,4,IF(F96=$V96,5,IF(F96=$W96,6,IF(F96=$X96,7,IF(F96=$Y96,8,IF(F96=$Z96,9,IF(F96=$AA96,10,IF(F96=$AB96,11,IF(F96=$AC96,12,IF(F96=$AD96,13)))))))))))))) | G97: =IF(G96="","",IF(G96=$R96,1,IF(G96=$S96,2,IF(G96=$T96,3,IF(G96=$U96,4,IF(G96=$V96,5,IF(G96=$W96,6,IF(G96=$X96,7,IF(G96=$Y96,8,IF(G96=$Z96,9,IF(G96=$AA96,10,IF(G96=$AB96,11,IF(G96=$AC96,12,IF(G96=$AD96,13)))))))))))))) | H97: =IF(H96="","",IF(H96=$R96,1,IF(H96=$S96,2,IF(H96=$T96,3,IF(H96=$U96,4,IF(H96=$V96,5,IF(H96=$W96,6,IF(H96=$X96,7,IF(H96=$Y96,8,IF(H96=$Z96,9,IF(H96=$AA96,10,IF(H96=$AB96,11,IF(H96=$AC96,12,IF(H96=$AD96,13)))))))))))))) | I97: =IF(I96="","",IF(I96=$R96,1,IF(I96=$S96,2,IF(I96=$T96,3,IF(I96=$U96,4,IF(I96=$V96,5,IF(I96=$W96,6,IF(I96=$X96,7,IF(I96=$Y96,8,IF(I96=$Z96,9,IF(I96=$AA96,10,IF(I96=$AB96,11,IF(I96=$AC96,12,IF(I96=$AD96,13)))))))))))))) | J97: =IF(J96="","",IF(J96=$R96,1,IF(J96=$S96,2,IF(J96=$T96,3,IF(J96=$U96,4,IF(J96=$V96,5,IF(J96=$W96,6,IF(J96=$X96,7,IF(J96=$Y96,8,IF(J96=$Z96,9,IF(J96=$AA96,10,IF(J96=$AB96,11,IF(J96=$AC96,12,IF(J96=$AD96,13)))))))))))))) | K97: =IF(K96="","",IF(K96=$R96,1,IF(K96=$S96,2,IF(K96=$T96,3,IF(K96=$U96,4,IF(K96=$V96,5,IF(K96=$W96,6,IF(K96=$X96,7,IF(K96=$Y96,8,IF(K96=$Z96,9,IF(K96=$AA96,10,IF(K96=$AB96,11,IF(K96=$AC96,12,IF(K96=$AD96,13)))))))))))))) | ... P97: =IF(P96="","",IF(P96=$R96,1,IF(P96=$S96,2,IF(P96=$T96,3,IF(P96=$U96,4,IF(P96=$V96,5,IF(P96=$W96,6,IF(P96=$X96,7,IF(P96=$Y96,8,IF(P96=$Z96,9,IF(P96=$AA96,10,IF(P96=$AB96,11,IF(P96=$AC96,12,IF(P96=$AD96,13))))))))))))))
D98: =IF(Tracking!J62="","",IF(Person!$C$20="m",ABS((Tracking!J62/4-D$45)),ABS((Tracking!J62/4-D$48)))) | E98: =IF(Tracking!K62="","",IF(Person!$C$20="m",ABS((Tracking!K62/4-E$45)),ABS((Tracking!K62/4-E$48)))) | F98: =IF(Tracking!L62="","",IF(Person!$C$20="m",ABS((Tracking!L62/4-F$45)),ABS((Tracking!L62/4-F$48)))) | G98: =IF(Tracking!M62="","",IF(Person!$C$20="m",ABS((Tracking!M62/4-G$45)),ABS((Tracking!M62/4-G$48)))) | H98: =IF(Tracking!N62="","",IF(Person!$C$20="m",ABS((Tracking!N62/4-H$45)),ABS((Tracking!N62/4-H$48)))) | I98: =IF(Tracking!O62="","",IF(Person!$C$20="m",ABS((Tracking!O62/4-I$45)),ABS((Tracking!O62/4-I$48)))) | J98: =IF(Tracking!P62="","",IF(Person!$C$20="m",ABS((Tracking!P62/4-J$45)),ABS((Tracking!P62/4-J$48)))) | K98: =IF(Tracking!Q62="","",IF(Person!$C$20="m",ABS((Tracking!Q62/4-K$45)),ABS((Tracking!Q62/4-K$48)))) | ... P98: =IF(Tracking!V62="","",IF(Person!$C$20="m",ABS((Tracking!V62/4-P$45)),ABS((Tracking!V62/4-P$48)))) | R98: =IF(ISERROR(LARGE($D98:$P98,R$44)),"",LARGE($D98:$P98,R$44)) | S98: =IF(ISERROR(LARGE($D98:$P98,S$44)),"",LARGE($D98:$P98,S$44)) | T98: =IF(ISERROR(LARGE($D98:$P98,T$44)),"",LARGE($D98:$P98,T$44)) | U98: =IF(ISERROR(LARGE($D98:$P98,U$44)),"",LARGE($D98:$P98,U$44)) | V98: =IF(ISERROR(LARGE($D98:$P98,V$44)),"",LARGE($D98:$P98,V$44)) | W98: =IF(ISERROR(LARGE($D98:$P98,W$44)),"",LARGE($D98:$P98,W$44)) | X98: =IF(ISERROR(LARGE($D98:$P98,X$44)),"",LARGE($D98:$P98,X$44)) | Y98: =IF(ISERROR(LARGE($D98:$P98,Y$44)),"",LARGE($D98:$P98,Y$44)) | ... AD98: =IF(ISERROR(LARGE($D98:$P98,AD$44)),"",LARGE($D98:$P98,AD$44))
D99: =IF(D98="","",IF(D98=$R98,1,IF(D98=$S98,2,IF(D98=$T98,3,IF(D98=$U98,4,IF(D98=$V98,5,IF(D98=$W98,6,IF(D98=$X98,7,IF(D98=$Y98,8,IF(D98=$Z98,9,IF(D98=$AA98,10,IF(D98=$AB98,11,IF(D98=$AC98,12,IF(D98=$AD98,13)))))))))))))) | E99: =IF(E98="","",IF(E98=$R98,1,IF(E98=$S98,2,IF(E98=$T98,3,IF(E98=$U98,4,IF(E98=$V98,5,IF(E98=$W98,6,IF(E98=$X98,7,IF(E98=$Y98,8,IF(E98=$Z98,9,IF(E98=$AA98,10,IF(E98=$AB98,11,IF(E98=$AC98,12,IF(E98=$AD98,13)))))))))))))) | F99: =IF(F98="","",IF(F98=$R98,1,IF(F98=$S98,2,IF(F98=$T98,3,IF(F98=$U98,4,IF(F98=$V98,5,IF(F98=$W98,6,IF(F98=$X98,7,IF(F98=$Y98,8,IF(F98=$Z98,9,IF(F98=$AA98,10,IF(F98=$AB98,11,IF(F98=$AC98,12,IF(F98=$AD98,13)))))))))))))) | G99: =IF(G98="","",IF(G98=$R98,1,IF(G98=$S98,2,IF(G98=$T98,3,IF(G98=$U98,4,IF(G98=$V98,5,IF(G98=$W98,6,IF(G98=$X98,7,IF(G98=$Y98,8,IF(G98=$Z98,9,IF(G98=$AA98,10,IF(G98=$AB98,11,IF(G98=$AC98,12,IF(G98=$AD98,13)))))))))))))) | H99: =IF(H98="","",IF(H98=$R98,1,IF(H98=$S98,2,IF(H98=$T98,3,IF(H98=$U98,4,IF(H98=$V98,5,IF(H98=$W98,6,IF(H98=$X98,7,IF(H98=$Y98,8,IF(H98=$Z98,9,IF(H98=$AA98,10,IF(H98=$AB98,11,IF(H98=$AC98,12,IF(H98=$AD98,13)))))))))))))) | I99: =IF(I98="","",IF(I98=$R98,1,IF(I98=$S98,2,IF(I98=$T98,3,IF(I98=$U98,4,IF(I98=$V98,5,IF(I98=$W98,6,IF(I98=$X98,7,IF(I98=$Y98,8,IF(I98=$Z98,9,IF(I98=$AA98,10,IF(I98=$AB98,11,IF(I98=$AC98,12,IF(I98=$AD98,13)))))))))))))) | J99: =IF(J98="","",IF(J98=$R98,1,IF(J98=$S98,2,IF(J98=$T98,3,IF(J98=$U98,4,IF(J98=$V98,5,IF(J98=$W98,6,IF(J98=$X98,7,IF(J98=$Y98,8,IF(J98=$Z98,9,IF(J98=$AA98,10,IF(J98=$AB98,11,IF(J98=$AC98,12,IF(J98=$AD98,13)))))))))))))) | K99: =IF(K98="","",IF(K98=$R98,1,IF(K98=$S98,2,IF(K98=$T98,3,IF(K98=$U98,4,IF(K98=$V98,5,IF(K98=$W98,6,IF(K98=$X98,7,IF(K98=$Y98,8,IF(K98=$Z98,9,IF(K98=$AA98,10,IF(K98=$AB98,11,IF(K98=$AC98,12,IF(K98=$AD98,13)))))))))))))) | ... P99: =IF(P98="","",IF(P98=$R98,1,IF(P98=$S98,2,IF(P98=$T98,3,IF(P98=$U98,4,IF(P98=$V98,5,IF(P98=$W98,6,IF(P98=$X98,7,IF(P98=$Y98,8,IF(P98=$Z98,9,IF(P98=$AA98,10,IF(P98=$AB98,11,IF(P98=$AC98,12,IF(P98=$AD98,13))))))))))))))
D100: =IF(Tracking!J64="","",IF(Person!$C$20="m",ABS((Tracking!J64/4-D$45)),ABS((Tracking!J64/4-D$48)))) | E100: =IF(Tracking!K64="","",IF(Person!$C$20="m",ABS((Tracking!K64/4-E$45)),ABS((Tracking!K64/4-E$48)))) | F100: =IF(Tracking!L64="","",IF(Person!$C$20="m",ABS((Tracking!L64/4-F$45)),ABS((Tracking!L64/4-F$48)))) | G100: =IF(Tracking!M64="","",IF(Person!$C$20="m",ABS((Tracking!M64/4-G$45)),ABS((Tracking!M64/4-G$48)))) | H100: =IF(Tracking!N64="","",IF(Person!$C$20="m",ABS((Tracking!N64/4-H$45)),ABS((Tracking!N64/4-H$48)))) | I100: =IF(Tracking!O64="","",IF(Person!$C$20="m",ABS((Tracking!O64/4-I$45)),ABS((Tracking!O64/4-I$48)))) | J100: =IF(Tracking!P64="","",IF(Person!$C$20="m",ABS((Tracking!P64/4-J$45)),ABS((Tracking!P64/4-J$48)))) | K100: =IF(Tracking!Q64="","",IF(Person!$C$20="m",ABS((Tracking!Q64/4-K$45)),ABS((Tracking!Q64/4-K$48)))) | ... P100: =IF(Tracking!V64="","",IF(Person!$C$20="m",ABS((Tracking!V64/4-P$45)),ABS((Tracking!V64/4-P$48)))) | R100: =IF(ISERROR(LARGE($D100:$P100,R$44)),"",LARGE($D100:$P100,R$44)) | S100: =IF(ISERROR(LARGE($D100:$P100,S$44)),"",LARGE($D100:$P100,S$44)) | T100: =IF(ISERROR(LARGE($D100:$P100,T$44)),"",LARGE($D100:$P100,T$44)) | U100: =IF(ISERROR(LARGE($D100:$P100,U$44)),"",LARGE($D100:$P100,U$44)) | V100: =IF(ISERROR(LARGE($D100:$P100,V$44)),"",LARGE($D100:$P100,V$44)) | W100: =IF(ISERROR(LARGE($D100:$P100,W$44)),"",LARGE($D100:$P100,W$44)) | X100: =IF(ISERROR(LARGE($D100:$P100,X$44)),"",LARGE($D100:$P100,X$44)) | Y100: =IF(ISERROR(LARGE($D100:$P100,Y$44)),"",LARGE($D100:$P100,Y$44)) | ... AD100: =IF(ISERROR(LARGE($D100:$P100,AD$44)),"",LARGE($D100:$P100,AD$44))
D101: =IF(D100="","",IF(D100=$R100,1,IF(D100=$S100,2,IF(D100=$T100,3,IF(D100=$U100,4,IF(D100=$V100,5,IF(D100=$W100,6,IF(D100=$X100,7,IF(D100=$Y100,8,IF(D100=$Z100,9,IF(D100=$AA100,10,IF(D100=$AB100,11,IF(D100=$AC100,12,IF(D100=$AD100,13)))))))))))))) | E101: =IF(E100="","",IF(E100=$R100,1,IF(E100=$S100,2,IF(E100=$T100,3,IF(E100=$U100,4,IF(E100=$V100,5,IF(E100=$W100,6,IF(E100=$X100,7,IF(E100=$Y100,8,IF(E100=$Z100,9,IF(E100=$AA100,10,IF(E100=$AB100,11,IF(E100=$AC100,12,IF(E100=$AD100,13)))))))))))))) | F101: =IF(F100="","",IF(F100=$R100,1,IF(F100=$S100,2,IF(F100=$T100,3,IF(F100=$U100,4,IF(F100=$V100,5,IF(F100=$W100,6,IF(F100=$X100,7,IF(F100=$Y100,8,IF(F100=$Z100,9,IF(F100=$AA100,10,IF(F100=$AB100,11,IF(F100=$AC100,12,IF(F100=$AD100,13)))))))))))))) | G101: =IF(G100="","",IF(G100=$R100,1,IF(G100=$S100,2,IF(G100=$T100,3,IF(G100=$U100,4,IF(G100=$V100,5,IF(G100=$W100,6,IF(G100=$X100,7,IF(G100=$Y100,8,IF(G100=$Z100,9,IF(G100=$AA100,10,IF(G100=$AB100,11,IF(G100=$AC100,12,IF(G100=$AD100,13)))))))))))))) | H101: =IF(H100="","",IF(H100=$R100,1,IF(H100=$S100,2,IF(H100=$T100,3,IF(H100=$U100,4,IF(H100=$V100,5,IF(H100=$W100,6,IF(H100=$X100,7,IF(H100=$Y100,8,IF(H100=$Z100,9,IF(H100=$AA100,10,IF(H100=$AB100,11,IF(H100=$AC100,12,IF(H100=$AD100,13)))))))))))))) | I101: =IF(I100="","",IF(I100=$R100,1,IF(I100=$S100,2,IF(I100=$T100,3,IF(I100=$U100,4,IF(I100=$V100,5,IF(I100=$W100,6,IF(I100=$X100,7,IF(I100=$Y100,8,IF(I100=$Z100,9,IF(I100=$AA100,10,IF(I100=$AB100,11,IF(I100=$AC100,12,IF(I100=$AD100,13)))))))))))))) | J101: =IF(J100="","",IF(J100=$R100,1,IF(J100=$S100,2,IF(J100=$T100,3,IF(J100=$U100,4,IF(J100=$V100,5,IF(J100=$W100,6,IF(J100=$X100,7,IF(J100=$Y100,8,IF(J100=$Z100,9,IF(J100=$AA100,10,IF(J100=$AB100,11,IF(J100=$AC100,12,IF(J100=$AD100,13)))))))))))))) | K101: =IF(K100="","",IF(K100=$R100,1,IF(K100=$S100,2,IF(K100=$T100,3,IF(K100=$U100,4,IF(K100=$V100,5,IF(K100=$W100,6,IF(K100=$X100,7,IF(K100=$Y100,8,IF(K100=$Z100,9,IF(K100=$AA100,10,IF(K100=$AB100,11,IF(K100=$AC100,12,IF(K100=$AD100,13)))))))))))))) | ... P101: =IF(P100="","",IF(P100=$R100,1,IF(P100=$S100,2,IF(P100=$T100,3,IF(P100=$U100,4,IF(P100=$V100,5,IF(P100=$W100,6,IF(P100=$X100,7,IF(P100=$Y100,8,IF(P100=$Z100,9,IF(P100=$AA100,10,IF(P100=$AB100,11,IF(P100=$AC100,12,IF(P100=$AD100,13))))))))))))))
D102: =IF(Tracking!J66="","",IF(Person!$C$20="m",ABS((Tracking!J66/4-D$45)),ABS((Tracking!J66/4-D$48)))) | E102: =IF(Tracking!K66="","",IF(Person!$C$20="m",ABS((Tracking!K66/4-E$45)),ABS((Tracking!K66/4-E$48)))) | F102: =IF(Tracking!L66="","",IF(Person!$C$20="m",ABS((Tracking!L66/4-F$45)),ABS((Tracking!L66/4-F$48)))) | G102: =IF(Tracking!M66="","",IF(Person!$C$20="m",ABS((Tracking!M66/4-G$45)),ABS((Tracking!M66/4-G$48)))) | H102: =IF(Tracking!N66="","",IF(Person!$C$20="m",ABS((Tracking!N66/4-H$45)),ABS((Tracking!N66/4-H$48)))) | I102: =IF(Tracking!O66="","",IF(Person!$C$20="m",ABS((Tracking!O66/4-I$45)),ABS((Tracking!O66/4-I$48)))) | J102: =IF(Tracking!P66="","",IF(Person!$C$20="m",ABS((Tracking!P66/4-J$45)),ABS((Tracking!P66/4-J$48)))) | K102: =IF(Tracking!Q66="","",IF(Person!$C$20="m",ABS((Tracking!Q66/4-K$45)),ABS((Tracking!Q66/4-K$48)))) | ... P102: =IF(Tracking!V66="","",IF(Person!$C$20="m",ABS((Tracking!V66/4-P$45)),ABS((Tracking!V66/4-P$48)))) | R102: =IF(ISERROR(LARGE($D102:$P102,R$44)),"",LARGE($D102:$P102,R$44)) | S102: =IF(ISERROR(LARGE($D102:$P102,S$44)),"",LARGE($D102:$P102,S$44)) | T102: =IF(ISERROR(LARGE($D102:$P102,T$44)),"",LARGE($D102:$P102,T$44)) | U102: =IF(ISERROR(LARGE($D102:$P102,U$44)),"",LARGE($D102:$P102,U$44)) | V102: =IF(ISERROR(LARGE($D102:$P102,V$44)),"",LARGE($D102:$P102,V$44)) | W102: =IF(ISERROR(LARGE($D102:$P102,W$44)),"",LARGE($D102:$P102,W$44)) | X102: =IF(ISERROR(LARGE($D102:$P102,X$44)),"",LARGE($D102:$P102,X$44)) | Y102: =IF(ISERROR(LARGE($D102:$P102,Y$44)),"",LARGE($D102:$P102,Y$44)) | ... AD102: =IF(ISERROR(LARGE($D102:$P102,AD$44)),"",LARGE($D102:$P102,AD$44))
D103: =IF(D102="","",IF(D102=$R102,1,IF(D102=$S102,2,IF(D102=$T102,3,IF(D102=$U102,4,IF(D102=$V102,5,IF(D102=$W102,6,IF(D102=$X102,7,IF(D102=$Y102,8,IF(D102=$Z102,9,IF(D102=$AA102,10,IF(D102=$AB102,11,IF(D102=$AC102,12,IF(D102=$AD102,13)))))))))))))) | E103: =IF(E102="","",IF(E102=$R102,1,IF(E102=$S102,2,IF(E102=$T102,3,IF(E102=$U102,4,IF(E102=$V102,5,IF(E102=$W102,6,IF(E102=$X102,7,IF(E102=$Y102,8,IF(E102=$Z102,9,IF(E102=$AA102,10,IF(E102=$AB102,11,IF(E102=$AC102,12,IF(E102=$AD102,13)))))))))))))) | F103: =IF(F102="","",IF(F102=$R102,1,IF(F102=$S102,2,IF(F102=$T102,3,IF(F102=$U102,4,IF(F102=$V102,5,IF(F102=$W102,6,IF(F102=$X102,7,IF(F102=$Y102,8,IF(F102=$Z102,9,IF(F102=$AA102,10,IF(F102=$AB102,11,IF(F102=$AC102,12,IF(F102=$AD102,13)))))))))))))) | G103: =IF(G102="","",IF(G102=$R102,1,IF(G102=$S102,2,IF(G102=$T102,3,IF(G102=$U102,4,IF(G102=$V102,5,IF(G102=$W102,6,IF(G102=$X102,7,IF(G102=$Y102,8,IF(G102=$Z102,9,IF(G102=$AA102,10,IF(G102=$AB102,11,IF(G102=$AC102,12,IF(G102=$AD102,13)))))))))))))) | H103: =IF(H102="","",IF(H102=$R102,1,IF(H102=$S102,2,IF(H102=$T102,3,IF(H102=$U102,4,IF(H102=$V102,5,IF(H102=$W102,6,IF(H102=$X102,7,IF(H102=$Y102,8,IF(H102=$Z102,9,IF(H102=$AA102,10,IF(H102=$AB102,11,IF(H102=$AC102,12,IF(H102=$AD102,13)))))))))))))) | I103: =IF(I102="","",IF(I102=$R102,1,IF(I102=$S102,2,IF(I102=$T102,3,IF(I102=$U102,4,IF(I102=$V102,5,IF(I102=$W102,6,IF(I102=$X102,7,IF(I102=$Y102,8,IF(I102=$Z102,9,IF(I102=$AA102,10,IF(I102=$AB102,11,IF(I102=$AC102,12,IF(I102=$AD102,13)))))))))))))) | J103: =IF(J102="","",IF(J102=$R102,1,IF(J102=$S102,2,IF(J102=$T102,3,IF(J102=$U102,4,IF(J102=$V102,5,IF(J102=$W102,6,IF(J102=$X102,7,IF(J102=$Y102,8,IF(J102=$Z102,9,IF(J102=$AA102,10,IF(J102=$AB102,11,IF(J102=$AC102,12,IF(J102=$AD102,13)))))))))))))) | K103: =IF(K102="","",IF(K102=$R102,1,IF(K102=$S102,2,IF(K102=$T102,3,IF(K102=$U102,4,IF(K102=$V102,5,IF(K102=$W102,6,IF(K102=$X102,7,IF(K102=$Y102,8,IF(K102=$Z102,9,IF(K102=$AA102,10,IF(K102=$AB102,11,IF(K102=$AC102,12,IF(K102=$AD102,13)))))))))))))) | ... P103: =IF(P102="","",IF(P102=$R102,1,IF(P102=$S102,2,IF(P102=$T102,3,IF(P102=$U102,4,IF(P102=$V102,5,IF(P102=$W102,6,IF(P102=$X102,7,IF(P102=$Y102,8,IF(P102=$Z102,9,IF(P102=$AA102,10,IF(P102=$AB102,11,IF(P102=$AC102,12,IF(P102=$AD102,13))))))))))))))
D104: =IF(Tracking!J68="","",IF(Person!$C$20="m",ABS((Tracking!J68/4-D$45)),ABS((Tracking!J68/4-D$48)))) | E104: =IF(Tracking!K68="","",IF(Person!$C$20="m",ABS((Tracking!K68/4-E$45)),ABS((Tracking!K68/4-E$48)))) | F104: =IF(Tracking!L68="","",IF(Person!$C$20="m",ABS((Tracking!L68/4-F$45)),ABS((Tracking!L68/4-F$48)))) | G104: =IF(Tracking!M68="","",IF(Person!$C$20="m",ABS((Tracking!M68/4-G$45)),ABS((Tracking!M68/4-G$48)))) | H104: =IF(Tracking!N68="","",IF(Person!$C$20="m",ABS((Tracking!N68/4-H$45)),ABS((Tracking!N68/4-H$48)))) | I104: =IF(Tracking!O68="","",IF(Person!$C$20="m",ABS((Tracking!O68/4-I$45)),ABS((Tracking!O68/4-I$48)))) | J104: =IF(Tracking!P68="","",IF(Person!$C$20="m",ABS((Tracking!P68/4-J$45)),ABS((Tracking!P68/4-J$48)))) | K104: =IF(Tracking!Q68="","",IF(Person!$C$20="m",ABS((Tracking!Q68/4-K$45)),ABS((Tracking!Q68/4-K$48)))) | ... P104: =IF(Tracking!V68="","",IF(Person!$C$20="m",ABS((Tracking!V68/4-P$45)),ABS((Tracking!V68/4-P$48)))) | R104: =IF(ISERROR(LARGE($D104:$P104,R$44)),"",LARGE($D104:$P104,R$44)) | S104: =IF(ISERROR(LARGE($D104:$P104,S$44)),"",LARGE($D104:$P104,S$44)) | T104: =IF(ISERROR(LARGE($D104:$P104,T$44)),"",LARGE($D104:$P104,T$44)) | U104: =IF(ISERROR(LARGE($D104:$P104,U$44)),"",LARGE($D104:$P104,U$44)) | V104: =IF(ISERROR(LARGE($D104:$P104,V$44)),"",LARGE($D104:$P104,V$44)) | W104: =IF(ISERROR(LARGE($D104:$P104,W$44)),"",LARGE($D104:$P104,W$44)) | X104: =IF(ISERROR(LARGE($D104:$P104,X$44)),"",LARGE($D104:$P104,X$44)) | Y104: =IF(ISERROR(LARGE($D104:$P104,Y$44)),"",LARGE($D104:$P104,Y$44)) | ... AD104: =IF(ISERROR(LARGE($D104:$P104,AD$44)),"",LARGE($D104:$P104,AD$44))
D105: =IF(D104="","",IF(D104=$R104,1,IF(D104=$S104,2,IF(D104=$T104,3,IF(D104=$U104,4,IF(D104=$V104,5,IF(D104=$W104,6,IF(D104=$X104,7,IF(D104=$Y104,8,IF(D104=$Z104,9,IF(D104=$AA104,10,IF(D104=$AB104,11,IF(D104=$AC104,12,IF(D104=$AD104,13)))))))))))))) | E105: =IF(E104="","",IF(E104=$R104,1,IF(E104=$S104,2,IF(E104=$T104,3,IF(E104=$U104,4,IF(E104=$V104,5,IF(E104=$W104,6,IF(E104=$X104,7,IF(E104=$Y104,8,IF(E104=$Z104,9,IF(E104=$AA104,10,IF(E104=$AB104,11,IF(E104=$AC104,12,IF(E104=$AD104,13)))))))))))))) | F105: =IF(F104="","",IF(F104=$R104,1,IF(F104=$S104,2,IF(F104=$T104,3,IF(F104=$U104,4,IF(F104=$V104,5,IF(F104=$W104,6,IF(F104=$X104,7,IF(F104=$Y104,8,IF(F104=$Z104,9,IF(F104=$AA104,10,IF(F104=$AB104,11,IF(F104=$AC104,12,IF(F104=$AD104,13)))))))))))))) | G105: =IF(G104="","",IF(G104=$R104,1,IF(G104=$S104,2,IF(G104=$T104,3,IF(G104=$U104,4,IF(G104=$V104,5,IF(G104=$W104,6,IF(G104=$X104,7,IF(G104=$Y104,8,IF(G104=$Z104,9,IF(G104=$AA104,10,IF(G104=$AB104,11,IF(G104=$AC104,12,IF(G104=$AD104,13)))))))))))))) | H105: =IF(H104="","",IF(H104=$R104,1,IF(H104=$S104,2,IF(H104=$T104,3,IF(H104=$U104,4,IF(H104=$V104,5,IF(H104=$W104,6,IF(H104=$X104,7,IF(H104=$Y104,8,IF(H104=$Z104,9,IF(H104=$AA104,10,IF(H104=$AB104,11,IF(H104=$AC104,12,IF(H104=$AD104,13)))))))))))))) | I105: =IF(I104="","",IF(I104=$R104,1,IF(I104=$S104,2,IF(I104=$T104,3,IF(I104=$U104,4,IF(I104=$V104,5,IF(I104=$W104,6,IF(I104=$X104,7,IF(I104=$Y104,8,IF(I104=$Z104,9,IF(I104=$AA104,10,IF(I104=$AB104,11,IF(I104=$AC104,12,IF(I104=$AD104,13)))))))))))))) | J105: =IF(J104="","",IF(J104=$R104,1,IF(J104=$S104,2,IF(J104=$T104,3,IF(J104=$U104,4,IF(J104=$V104,5,IF(J104=$W104,6,IF(J104=$X104,7,IF(J104=$Y104,8,IF(J104=$Z104,9,IF(J104=$AA104,10,IF(J104=$AB104,11,IF(J104=$AC104,12,IF(J104=$AD104,13)))))))))))))) | K105: =IF(K104="","",IF(K104=$R104,1,IF(K104=$S104,2,IF(K104=$T104,3,IF(K104=$U104,4,IF(K104=$V104,5,IF(K104=$W104,6,IF(K104=$X104,7,IF(K104=$Y104,8,IF(K104=$Z104,9,IF(K104=$AA104,10,IF(K104=$AB104,11,IF(K104=$AC104,12,IF(K104=$AD104,13)))))))))))))) | ... P105: =IF(P104="","",IF(P104=$R104,1,IF(P104=$S104,2,IF(P104=$T104,3,IF(P104=$U104,4,IF(P104=$V104,5,IF(P104=$W104,6,IF(P104=$X104,7,IF(P104=$Y104,8,IF(P104=$Z104,9,IF(P104=$AA104,10,IF(P104=$AB104,11,IF(P104=$AC104,12,IF(P104=$AD104,13))))))))))))))
D106: =IF(Tracking!J70="","",IF(Person!$C$20="m",ABS((Tracking!J70/4-D$45)),ABS((Tracking!J70/4-D$48)))) | E106: =IF(Tracking!K70="","",IF(Person!$C$20="m",ABS((Tracking!K70/4-E$45)),ABS((Tracking!K70/4-E$48)))) | F106: =IF(Tracking!L70="","",IF(Person!$C$20="m",ABS((Tracking!L70/4-F$45)),ABS((Tracking!L70/4-F$48)))) | G106: =IF(Tracking!M70="","",IF(Person!$C$20="m",ABS((Tracking!M70/4-G$45)),ABS((Tracking!M70/4-G$48)))) | H106: =IF(Tracking!N70="","",IF(Person!$C$20="m",ABS((Tracking!N70/4-H$45)),ABS((Tracking!N70/4-H$48)))) | I106: =IF(Tracking!O70="","",IF(Person!$C$20="m",ABS((Tracking!O70/4-I$45)),ABS((Tracking!O70/4-I$48)))) | J106: =IF(Tracking!P70="","",IF(Person!$C$20="m",ABS((Tracking!P70/4-J$45)),ABS((Tracking!P70/4-J$48)))) | K106: =IF(Tracking!Q70="","",IF(Person!$C$20="m",ABS((Tracking!Q70/4-K$45)),ABS((Tracking!Q70/4-K$48)))) | ... P106: =IF(Tracking!V70="","",IF(Person!$C$20="m",ABS((Tracking!V70/4-P$45)),ABS((Tracking!V70/4-P$48)))) | R106: =IF(ISERROR(LARGE($D106:$P106,R$44)),"",LARGE($D106:$P106,R$44)) | S106: =IF(ISERROR(LARGE($D106:$P106,S$44)),"",LARGE($D106:$P106,S$44)) | T106: =IF(ISERROR(LARGE($D106:$P106,T$44)),"",LARGE($D106:$P106,T$44)) | U106: =IF(ISERROR(LARGE($D106:$P106,U$44)),"",LARGE($D106:$P106,U$44)) | V106: =IF(ISERROR(LARGE($D106:$P106,V$44)),"",LARGE($D106:$P106,V$44)) | W106: =IF(ISERROR(LARGE($D106:$P106,W$44)),"",LARGE($D106:$P106,W$44)) | X106: =IF(ISERROR(LARGE($D106:$P106,X$44)),"",LARGE($D106:$P106,X$44)) | Y106: =IF(ISERROR(LARGE($D106:$P106,Y$44)),"",LARGE($D106:$P106,Y$44)) | ... AD106: =IF(ISERROR(LARGE($D106:$P106,AD$44)),"",LARGE($D106:$P106,AD$44))
D107: =IF(D106="","",IF(D106=$R106,1,IF(D106=$S106,2,IF(D106=$T106,3,IF(D106=$U106,4,IF(D106=$V106,5,IF(D106=$W106,6,IF(D106=$X106,7,IF(D106=$Y106,8,IF(D106=$Z106,9,IF(D106=$AA106,10,IF(D106=$AB106,11,IF(D106=$AC106,12,IF(D106=$AD106,13)))))))))))))) | E107: =IF(E106="","",IF(E106=$R106,1,IF(E106=$S106,2,IF(E106=$T106,3,IF(E106=$U106,4,IF(E106=$V106,5,IF(E106=$W106,6,IF(E106=$X106,7,IF(E106=$Y106,8,IF(E106=$Z106,9,IF(E106=$AA106,10,IF(E106=$AB106,11,IF(E106=$AC106,12,IF(E106=$AD106,13)))))))))))))) | F107: =IF(F106="","",IF(F106=$R106,1,IF(F106=$S106,2,IF(F106=$T106,3,IF(F106=$U106,4,IF(F106=$V106,5,IF(F106=$W106,6,IF(F106=$X106,7,IF(F106=$Y106,8,IF(F106=$Z106,9,IF(F106=$AA106,10,IF(F106=$AB106,11,IF(F106=$AC106,12,IF(F106=$AD106,13)))))))))))))) | G107: =IF(G106="","",IF(G106=$R106,1,IF(G106=$S106,2,IF(G106=$T106,3,IF(G106=$U106,4,IF(G106=$V106,5,IF(G106=$W106,6,IF(G106=$X106,7,IF(G106=$Y106,8,IF(G106=$Z106,9,IF(G106=$AA106,10,IF(G106=$AB106,11,IF(G106=$AC106,12,IF(G106=$AD106,13)))))))))))))) | H107: =IF(H106="","",IF(H106=$R106,1,IF(H106=$S106,2,IF(H106=$T106,3,IF(H106=$U106,4,IF(H106=$V106,5,IF(H106=$W106,6,IF(H106=$X106,7,IF(H106=$Y106,8,IF(H106=$Z106,9,IF(H106=$AA106,10,IF(H106=$AB106,11,IF(H106=$AC106,12,IF(H106=$AD106,13)))))))))))))) | I107: =IF(I106="","",IF(I106=$R106,1,IF(I106=$S106,2,IF(I106=$T106,3,IF(I106=$U106,4,IF(I106=$V106,5,IF(I106=$W106,6,IF(I106=$X106,7,IF(I106=$Y106,8,IF(I106=$Z106,9,IF(I106=$AA106,10,IF(I106=$AB106,11,IF(I106=$AC106,12,IF(I106=$AD106,13)))))))))))))) | J107: =IF(J106="","",IF(J106=$R106,1,IF(J106=$S106,2,IF(J106=$T106,3,IF(J106=$U106,4,IF(J106=$V106,5,IF(J106=$W106,6,IF(J106=$X106,7,IF(J106=$Y106,8,IF(J106=$Z106,9,IF(J106=$AA106,10,IF(J106=$AB106,11,IF(J106=$AC106,12,IF(J106=$AD106,13)))))))))))))) | K107: =IF(K106="","",IF(K106=$R106,1,IF(K106=$S106,2,IF(K106=$T106,3,IF(K106=$U106,4,IF(K106=$V106,5,IF(K106=$W106,6,IF(K106=$X106,7,IF(K106=$Y106,8,IF(K106=$Z106,9,IF(K106=$AA106,10,IF(K106=$AB106,11,IF(K106=$AC106,12,IF(K106=$AD106,13)))))))))))))) | ... P107: =IF(P106="","",IF(P106=$R106,1,IF(P106=$S106,2,IF(P106=$T106,3,IF(P106=$U106,4,IF(P106=$V106,5,IF(P106=$W106,6,IF(P106=$X106,7,IF(P106=$Y106,8,IF(P106=$Z106,9,IF(P106=$AA106,10,IF(P106=$AB106,11,IF(P106=$AC106,12,IF(P106=$AD106,13))))))))))))))
D108: =IF(Tracking!J72="","",IF(Person!$C$20="m",ABS((Tracking!J72/4-D$45)),ABS((Tracking!J72/4-D$48)))) | E108: =IF(Tracking!K72="","",IF(Person!$C$20="m",ABS((Tracking!K72/4-E$45)),ABS((Tracking!K72/4-E$48)))) | F108: =IF(Tracking!L72="","",IF(Person!$C$20="m",ABS((Tracking!L72/4-F$45)),ABS((Tracking!L72/4-F$48)))) | G108: =IF(Tracking!M72="","",IF(Person!$C$20="m",ABS((Tracking!M72/4-G$45)),ABS((Tracking!M72/4-G$48)))) | H108: =IF(Tracking!N72="","",IF(Person!$C$20="m",ABS((Tracking!N72/4-H$45)),ABS((Tracking!N72/4-H$48)))) | I108: =IF(Tracking!O72="","",IF(Person!$C$20="m",ABS((Tracking!O72/4-I$45)),ABS((Tracking!O72/4-I$48)))) | J108: =IF(Tracking!P72="","",IF(Person!$C$20="m",ABS((Tracking!P72/4-J$45)),ABS((Tracking!P72/4-J$48)))) | K108: =IF(Tracking!Q72="","",IF(Person!$C$20="m",ABS((Tracking!Q72/4-K$45)),ABS((Tracking!Q72/4-K$48)))) | ... P108: =IF(Tracking!V72="","",IF(Person!$C$20="m",ABS((Tracking!V72/4-P$45)),ABS((Tracking!V72/4-P$48)))) | R108: =IF(ISERROR(LARGE($D108:$P108,R$44)),"",LARGE($D108:$P108,R$44)) | S108: =IF(ISERROR(LARGE($D108:$P108,S$44)),"",LARGE($D108:$P108,S$44)) | T108: =IF(ISERROR(LARGE($D108:$P108,T$44)),"",LARGE($D108:$P108,T$44)) | U108: =IF(ISERROR(LARGE($D108:$P108,U$44)),"",LARGE($D108:$P108,U$44)) | V108: =IF(ISERROR(LARGE($D108:$P108,V$44)),"",LARGE($D108:$P108,V$44)) | W108: =IF(ISERROR(LARGE($D108:$P108,W$44)),"",LARGE($D108:$P108,W$44)) | X108: =IF(ISERROR(LARGE($D108:$P108,X$44)),"",LARGE($D108:$P108,X$44)) | Y108: =IF(ISERROR(LARGE($D108:$P108,Y$44)),"",LARGE($D108:$P108,Y$44)) | ... AD108: =IF(ISERROR(LARGE($D108:$P108,AD$44)),"",LARGE($D108:$P108,AD$44))
D109: =IF(D108="","",IF(D108=$R108,1,IF(D108=$S108,2,IF(D108=$T108,3,IF(D108=$U108,4,IF(D108=$V108,5,IF(D108=$W108,6,IF(D108=$X108,7,IF(D108=$Y108,8,IF(D108=$Z108,9,IF(D108=$AA108,10,IF(D108=$AB108,11,IF(D108=$AC108,12,IF(D108=$AD108,13)))))))))))))) | E109: =IF(E108="","",IF(E108=$R108,1,IF(E108=$S108,2,IF(E108=$T108,3,IF(E108=$U108,4,IF(E108=$V108,5,IF(E108=$W108,6,IF(E108=$X108,7,IF(E108=$Y108,8,IF(E108=$Z108,9,IF(E108=$AA108,10,IF(E108=$AB108,11,IF(E108=$AC108,12,IF(E108=$AD108,13)))))))))))))) | F109: =IF(F108="","",IF(F108=$R108,1,IF(F108=$S108,2,IF(F108=$T108,3,IF(F108=$U108,4,IF(F108=$V108,5,IF(F108=$W108,6,IF(F108=$X108,7,IF(F108=$Y108,8,IF(F108=$Z108,9,IF(F108=$AA108,10,IF(F108=$AB108,11,IF(F108=$AC108,12,IF(F108=$AD108,13)))))))))))))) | G109: =IF(G108="","",IF(G108=$R108,1,IF(G108=$S108,2,IF(G108=$T108,3,IF(G108=$U108,4,IF(G108=$V108,5,IF(G108=$W108,6,IF(G108=$X108,7,IF(G108=$Y108,8,IF(G108=$Z108,9,IF(G108=$AA108,10,IF(G108=$AB108,11,IF(G108=$AC108,12,IF(G108=$AD108,13)))))))))))))) | H109: =IF(H108="","",IF(H108=$R108,1,IF(H108=$S108,2,IF(H108=$T108,3,IF(H108=$U108,4,IF(H108=$V108,5,IF(H108=$W108,6,IF(H108=$X108,7,IF(H108=$Y108,8,IF(H108=$Z108,9,IF(H108=$AA108,10,IF(H108=$AB108,11,IF(H108=$AC108,12,IF(H108=$AD108,13)))))))))))))) | I109: =IF(I108="","",IF(I108=$R108,1,IF(I108=$S108,2,IF(I108=$T108,3,IF(I108=$U108,4,IF(I108=$V108,5,IF(I108=$W108,6,IF(I108=$X108,7,IF(I108=$Y108,8,IF(I108=$Z108,9,IF(I108=$AA108,10,IF(I108=$AB108,11,IF(I108=$AC108,12,IF(I108=$AD108,13)))))))))))))) | J109: =IF(J108="","",IF(J108=$R108,1,IF(J108=$S108,2,IF(J108=$T108,3,IF(J108=$U108,4,IF(J108=$V108,5,IF(J108=$W108,6,IF(J108=$X108,7,IF(J108=$Y108,8,IF(J108=$Z108,9,IF(J108=$AA108,10,IF(J108=$AB108,11,IF(J108=$AC108,12,IF(J108=$AD108,13)))))))))))))) | K109: =IF(K108="","",IF(K108=$R108,1,IF(K108=$S108,2,IF(K108=$T108,3,IF(K108=$U108,4,IF(K108=$V108,5,IF(K108=$W108,6,IF(K108=$X108,7,IF(K108=$Y108,8,IF(K108=$Z108,9,IF(K108=$AA108,10,IF(K108=$AB108,11,IF(K108=$AC108,12,IF(K108=$AD108,13)))))))))))))) | ... P109: =IF(P108="","",IF(P108=$R108,1,IF(P108=$S108,2,IF(P108=$T108,3,IF(P108=$U108,4,IF(P108=$V108,5,IF(P108=$W108,6,IF(P108=$X108,7,IF(P108=$Y108,8,IF(P108=$Z108,9,IF(P108=$AA108,10,IF(P108=$AB108,11,IF(P108=$AC108,12,IF(P108=$AD108,13))))))))))))))
D110: =IF(Tracking!J74="","",IF(Person!$C$20="m",ABS((Tracking!J74/4-D$45)),ABS((Tracking!J74/4-D$48)))) | E110: =IF(Tracking!K74="","",IF(Person!$C$20="m",ABS((Tracking!K74/4-E$45)),ABS((Tracking!K74/4-E$48)))) | F110: =IF(Tracking!L74="","",IF(Person!$C$20="m",ABS((Tracking!L74/4-F$45)),ABS((Tracking!L74/4-F$48)))) | G110: =IF(Tracking!M74="","",IF(Person!$C$20="m",ABS((Tracking!M74/4-G$45)),ABS((Tracking!M74/4-G$48)))) | H110: =IF(Tracking!N74="","",IF(Person!$C$20="m",ABS((Tracking!N74/4-H$45)),ABS((Tracking!N74/4-H$48)))) | I110: =IF(Tracking!O74="","",IF(Person!$C$20="m",ABS((Tracking!O74/4-I$45)),ABS((Tracking!O74/4-I$48)))) | J110: =IF(Tracking!P74="","",IF(Person!$C$20="m",ABS((Tracking!P74/4-J$45)),ABS((Tracking!P74/4-J$48)))) | K110: =IF(Tracking!Q74="","",IF(Person!$C$20="m",ABS((Tracking!Q74/4-K$45)),ABS((Tracking!Q74/4-K$48)))) | ... P110: =IF(Tracking!V74="","",IF(Person!$C$20="m",ABS((Tracking!V74/4-P$45)),ABS((Tracking!V74/4-P$48)))) | R110: =IF(ISERROR(LARGE($D110:$P110,R$44)),"",LARGE($D110:$P110,R$44)) | S110: =IF(ISERROR(LARGE($D110:$P110,S$44)),"",LARGE($D110:$P110,S$44)) | T110: =IF(ISERROR(LARGE($D110:$P110,T$44)),"",LARGE($D110:$P110,T$44)) | U110: =IF(ISERROR(LARGE($D110:$P110,U$44)),"",LARGE($D110:$P110,U$44)) | V110: =IF(ISERROR(LARGE($D110:$P110,V$44)),"",LARGE($D110:$P110,V$44)) | W110: =IF(ISERROR(LARGE($D110:$P110,W$44)),"",LARGE($D110:$P110,W$44)) | X110: =IF(ISERROR(LARGE($D110:$P110,X$44)),"",LARGE($D110:$P110,X$44)) | Y110: =IF(ISERROR(LARGE($D110:$P110,Y$44)),"",LARGE($D110:$P110,Y$44)) | ... AD110: =IF(ISERROR(LARGE($D110:$P110,AD$44)),"",LARGE($D110:$P110,AD$44))
D111: =IF(D110="","",IF(D110=$R110,1,IF(D110=$S110,2,IF(D110=$T110,3,IF(D110=$U110,4,IF(D110=$V110,5,IF(D110=$W110,6,IF(D110=$X110,7,IF(D110=$Y110,8,IF(D110=$Z110,9,IF(D110=$AA110,10,IF(D110=$AB110,11,IF(D110=$AC110,12,IF(D110=$AD110,13)))))))))))))) | E111: =IF(E110="","",IF(E110=$R110,1,IF(E110=$S110,2,IF(E110=$T110,3,IF(E110=$U110,4,IF(E110=$V110,5,IF(E110=$W110,6,IF(E110=$X110,7,IF(E110=$Y110,8,IF(E110=$Z110,9,IF(E110=$AA110,10,IF(E110=$AB110,11,IF(E110=$AC110,12,IF(E110=$AD110,13)))))))))))))) | F111: =IF(F110="","",IF(F110=$R110,1,IF(F110=$S110,2,IF(F110=$T110,3,IF(F110=$U110,4,IF(F110=$V110,5,IF(F110=$W110,6,IF(F110=$X110,7,IF(F110=$Y110,8,IF(F110=$Z110,9,IF(F110=$AA110,10,IF(F110=$AB110,11,IF(F110=$AC110,12,IF(F110=$AD110,13)))))))))))))) | G111: =IF(G110="","",IF(G110=$R110,1,IF(G110=$S110,2,IF(G110=$T110,3,IF(G110=$U110,4,IF(G110=$V110,5,IF(G110=$W110,6,IF(G110=$X110,7,IF(G110=$Y110,8,IF(G110=$Z110,9,IF(G110=$AA110,10,IF(G110=$AB110,11,IF(G110=$AC110,12,IF(G110=$AD110,13)))))))))))))) | H111: =IF(H110="","",IF(H110=$R110,1,IF(H110=$S110,2,IF(H110=$T110,3,IF(H110=$U110,4,IF(H110=$V110,5,IF(H110=$W110,6,IF(H110=$X110,7,IF(H110=$Y110,8,IF(H110=$Z110,9,IF(H110=$AA110,10,IF(H110=$AB110,11,IF(H110=$AC110,12,IF(H110=$AD110,13)))))))))))))) | I111: =IF(I110="","",IF(I110=$R110,1,IF(I110=$S110,2,IF(I110=$T110,3,IF(I110=$U110,4,IF(I110=$V110,5,IF(I110=$W110,6,IF(I110=$X110,7,IF(I110=$Y110,8,IF(I110=$Z110,9,IF(I110=$AA110,10,IF(I110=$AB110,11,IF(I110=$AC110,12,IF(I110=$AD110,13)))))))))))))) | J111: =IF(J110="","",IF(J110=$R110,1,IF(J110=$S110,2,IF(J110=$T110,3,IF(J110=$U110,4,IF(J110=$V110,5,IF(J110=$W110,6,IF(J110=$X110,7,IF(J110=$Y110,8,IF(J110=$Z110,9,IF(J110=$AA110,10,IF(J110=$AB110,11,IF(J110=$AC110,12,IF(J110=$AD110,13)))))))))))))) | K111: =IF(K110="","",IF(K110=$R110,1,IF(K110=$S110,2,IF(K110=$T110,3,IF(K110=$U110,4,IF(K110=$V110,5,IF(K110=$W110,6,IF(K110=$X110,7,IF(K110=$Y110,8,IF(K110=$Z110,9,IF(K110=$AA110,10,IF(K110=$AB110,11,IF(K110=$AC110,12,IF(K110=$AD110,13)))))))))))))) | ... P111: =IF(P110="","",IF(P110=$R110,1,IF(P110=$S110,2,IF(P110=$T110,3,IF(P110=$U110,4,IF(P110=$V110,5,IF(P110=$W110,6,IF(P110=$X110,7,IF(P110=$Y110,8,IF(P110=$Z110,9,IF(P110=$AA110,10,IF(P110=$AB110,11,IF(P110=$AC110,12,IF(P110=$AD110,13))))))))))))))
D112: =IF(Tracking!J76="","",IF(Person!$C$20="m",ABS((Tracking!J76/4-D$45)),ABS((Tracking!J76/4-D$48)))) | E112: =IF(Tracking!K76="","",IF(Person!$C$20="m",ABS((Tracking!K76/4-E$45)),ABS((Tracking!K76/4-E$48)))) | F112: =IF(Tracking!L76="","",IF(Person!$C$20="m",ABS((Tracking!L76/4-F$45)),ABS((Tracking!L76/4-F$48)))) | G112: =IF(Tracking!M76="","",IF(Person!$C$20="m",ABS((Tracking!M76/4-G$45)),ABS((Tracking!M76/4-G$48)))) | H112: =IF(Tracking!N76="","",IF(Person!$C$20="m",ABS((Tracking!N76/4-H$45)),ABS((Tracking!N76/4-H$48)))) | I112: =IF(Tracking!O76="","",IF(Person!$C$20="m",ABS((Tracking!O76/4-I$45)),ABS((Tracking!O76/4-I$48)))) | J112: =IF(Tracking!P76="","",IF(Person!$C$20="m",ABS((Tracking!P76/4-J$45)),ABS((Tracking!P76/4-J$48)))) | K112: =IF(Tracking!Q76="","",IF(Person!$C$20="m",ABS((Tracking!Q76/4-K$45)),ABS((Tracking!Q76/4-K$48)))) | ... P112: =IF(Tracking!V76="","",IF(Person!$C$20="m",ABS((Tracking!V76/4-P$45)),ABS((Tracking!V76/4-P$48)))) | R112: =IF(ISERROR(LARGE($D112:$P112,R$44)),"",LARGE($D112:$P112,R$44)) | S112: =IF(ISERROR(LARGE($D112:$P112,S$44)),"",LARGE($D112:$P112,S$44)) | T112: =IF(ISERROR(LARGE($D112:$P112,T$44)),"",LARGE($D112:$P112,T$44)) | U112: =IF(ISERROR(LARGE($D112:$P112,U$44)),"",LARGE($D112:$P112,U$44)) | V112: =IF(ISERROR(LARGE($D112:$P112,V$44)),"",LARGE($D112:$P112,V$44)) | W112: =IF(ISERROR(LARGE($D112:$P112,W$44)),"",LARGE($D112:$P112,W$44)) | X112: =IF(ISERROR(LARGE($D112:$P112,X$44)),"",LARGE($D112:$P112,X$44)) | Y112: =IF(ISERROR(LARGE($D112:$P112,Y$44)),"",LARGE($D112:$P112,Y$44)) | ... AD112: =IF(ISERROR(LARGE($D112:$P112,AD$44)),"",LARGE($D112:$P112,AD$44))
D113: =IF(D112="","",IF(D112=$R112,1,IF(D112=$S112,2,IF(D112=$T112,3,IF(D112=$U112,4,IF(D112=$V112,5,IF(D112=$W112,6,IF(D112=$X112,7,IF(D112=$Y112,8,IF(D112=$Z112,9,IF(D112=$AA112,10,IF(D112=$AB112,11,IF(D112=$AC112,12,IF(D112=$AD112,13)))))))))))))) | E113: =IF(E112="","",IF(E112=$R112,1,IF(E112=$S112,2,IF(E112=$T112,3,IF(E112=$U112,4,IF(E112=$V112,5,IF(E112=$W112,6,IF(E112=$X112,7,IF(E112=$Y112,8,IF(E112=$Z112,9,IF(E112=$AA112,10,IF(E112=$AB112,11,IF(E112=$AC112,12,IF(E112=$AD112,13)))))))))))))) | F113: =IF(F112="","",IF(F112=$R112,1,IF(F112=$S112,2,IF(F112=$T112,3,IF(F112=$U112,4,IF(F112=$V112,5,IF(F112=$W112,6,IF(F112=$X112,7,IF(F112=$Y112,8,IF(F112=$Z112,9,IF(F112=$AA112,10,IF(F112=$AB112,11,IF(F112=$AC112,12,IF(F112=$AD112,13)))))))))))))) | G113: =IF(G112="","",IF(G112=$R112,1,IF(G112=$S112,2,IF(G112=$T112,3,IF(G112=$U112,4,IF(G112=$V112,5,IF(G112=$W112,6,IF(G112=$X112,7,IF(G112=$Y112,8,IF(G112=$Z112,9,IF(G112=$AA112,10,IF(G112=$AB112,11,IF(G112=$AC112,12,IF(G112=$AD112,13)))))))))))))) | H113: =IF(H112="","",IF(H112=$R112,1,IF(H112=$S112,2,IF(H112=$T112,3,IF(H112=$U112,4,IF(H112=$V112,5,IF(H112=$W112,6,IF(H112=$X112,7,IF(H112=$Y112,8,IF(H112=$Z112,9,IF(H112=$AA112,10,IF(H112=$AB112,11,IF(H112=$AC112,12,IF(H112=$AD112,13)))))))))))))) | I113: =IF(I112="","",IF(I112=$R112,1,IF(I112=$S112,2,IF(I112=$T112,3,IF(I112=$U112,4,IF(I112=$V112,5,IF(I112=$W112,6,IF(I112=$X112,7,IF(I112=$Y112,8,IF(I112=$Z112,9,IF(I112=$AA112,10,IF(I112=$AB112,11,IF(I112=$AC112,12,IF(I112=$AD112,13)))))))))))))) | J113: =IF(J112="","",IF(J112=$R112,1,IF(J112=$S112,2,IF(J112=$T112,3,IF(J112=$U112,4,IF(J112=$V112,5,IF(J112=$W112,6,IF(J112=$X112,7,IF(J112=$Y112,8,IF(J112=$Z112,9,IF(J112=$AA112,10,IF(J112=$AB112,11,IF(J112=$AC112,12,IF(J112=$AD112,13)))))))))))))) | K113: =IF(K112="","",IF(K112=$R112,1,IF(K112=$S112,2,IF(K112=$T112,3,IF(K112=$U112,4,IF(K112=$V112,5,IF(K112=$W112,6,IF(K112=$X112,7,IF(K112=$Y112,8,IF(K112=$Z112,9,IF(K112=$AA112,10,IF(K112=$AB112,11,IF(K112=$AC112,12,IF(K112=$AD112,13)))))))))))))) | ... P113: =IF(P112="","",IF(P112=$R112,1,IF(P112=$S112,2,IF(P112=$T112,3,IF(P112=$U112,4,IF(P112=$V112,5,IF(P112=$W112,6,IF(P112=$X112,7,IF(P112=$Y112,8,IF(P112=$Z112,9,IF(P112=$AA112,10,IF(P112=$AB112,11,IF(P112=$AC112,12,IF(P112=$AD112,13))))))))))))))
D114: =IF(Tracking!J78="","",IF(Person!$C$20="m",ABS((Tracking!J78/4-D$45)),ABS((Tracking!J78/4-D$48)))) | E114: =IF(Tracking!K78="","",IF(Person!$C$20="m",ABS((Tracking!K78/4-E$45)),ABS((Tracking!K78/4-E$48)))) | F114: =IF(Tracking!L78="","",IF(Person!$C$20="m",ABS((Tracking!L78/4-F$45)),ABS((Tracking!L78/4-F$48)))) | G114: =IF(Tracking!M78="","",IF(Person!$C$20="m",ABS((Tracking!M78/4-G$45)),ABS((Tracking!M78/4-G$48)))) | H114: =IF(Tracking!N78="","",IF(Person!$C$20="m",ABS((Tracking!N78/4-H$45)),ABS((Tracking!N78/4-H$48)))) | I114: =IF(Tracking!O78="","",IF(Person!$C$20="m",ABS((Tracking!O78/4-I$45)),ABS((Tracking!O78/4-I$48)))) | J114: =IF(Tracking!P78="","",IF(Person!$C$20="m",ABS((Tracking!P78/4-J$45)),ABS((Tracking!P78/4-J$48)))) | K114: =IF(Tracking!Q78="","",IF(Person!$C$20="m",ABS((Tracking!Q78/4-K$45)),ABS((Tracking!Q78/4-K$48)))) | ... P114: =IF(Tracking!V78="","",IF(Person!$C$20="m",ABS((Tracking!V78/4-P$45)),ABS((Tracking!V78/4-P$48)))) | R114: =IF(ISERROR(LARGE($D114:$P114,R$44)),"",LARGE($D114:$P114,R$44)) | S114: =IF(ISERROR(LARGE($D114:$P114,S$44)),"",LARGE($D114:$P114,S$44)) | T114: =IF(ISERROR(LARGE($D114:$P114,T$44)),"",LARGE($D114:$P114,T$44)) | U114: =IF(ISERROR(LARGE($D114:$P114,U$44)),"",LARGE($D114:$P114,U$44)) | V114: =IF(ISERROR(LARGE($D114:$P114,V$44)),"",LARGE($D114:$P114,V$44)) | W114: =IF(ISERROR(LARGE($D114:$P114,W$44)),"",LARGE($D114:$P114,W$44)) | X114: =IF(ISERROR(LARGE($D114:$P114,X$44)),"",LARGE($D114:$P114,X$44)) | Y114: =IF(ISERROR(LARGE($D114:$P114,Y$44)),"",LARGE($D114:$P114,Y$44)) | ... AD114: =IF(ISERROR(LARGE($D114:$P114,AD$44)),"",LARGE($D114:$P114,AD$44))
D115: =IF(D114="","",IF(D114=$R114,1,IF(D114=$S114,2,IF(D114=$T114,3,IF(D114=$U114,4,IF(D114=$V114,5,IF(D114=$W114,6,IF(D114=$X114,7,IF(D114=$Y114,8,IF(D114=$Z114,9,IF(D114=$AA114,10,IF(D114=$AB114,11,IF(D114=$AC114,12,IF(D114=$AD114,13)))))))))))))) | E115: =IF(E114="","",IF(E114=$R114,1,IF(E114=$S114,2,IF(E114=$T114,3,IF(E114=$U114,4,IF(E114=$V114,5,IF(E114=$W114,6,IF(E114=$X114,7,IF(E114=$Y114,8,IF(E114=$Z114,9,IF(E114=$AA114,10,IF(E114=$AB114,11,IF(E114=$AC114,12,IF(E114=$AD114,13)))))))))))))) | F115: =IF(F114="","",IF(F114=$R114,1,IF(F114=$S114,2,IF(F114=$T114,3,IF(F114=$U114,4,IF(F114=$V114,5,IF(F114=$W114,6,IF(F114=$X114,7,IF(F114=$Y114,8,IF(F114=$Z114,9,IF(F114=$AA114,10,IF(F114=$AB114,11,IF(F114=$AC114,12,IF(F114=$AD114,13)))))))))))))) | G115: =IF(G114="","",IF(G114=$R114,1,IF(G114=$S114,2,IF(G114=$T114,3,IF(G114=$U114,4,IF(G114=$V114,5,IF(G114=$W114,6,IF(G114=$X114,7,IF(G114=$Y114,8,IF(G114=$Z114,9,IF(G114=$AA114,10,IF(G114=$AB114,11,IF(G114=$AC114,12,IF(G114=$AD114,13)))))))))))))) | H115: =IF(H114="","",IF(H114=$R114,1,IF(H114=$S114,2,IF(H114=$T114,3,IF(H114=$U114,4,IF(H114=$V114,5,IF(H114=$W114,6,IF(H114=$X114,7,IF(H114=$Y114,8,IF(H114=$Z114,9,IF(H114=$AA114,10,IF(H114=$AB114,11,IF(H114=$AC114,12,IF(H114=$AD114,13)))))))))))))) | I115: =IF(I114="","",IF(I114=$R114,1,IF(I114=$S114,2,IF(I114=$T114,3,IF(I114=$U114,4,IF(I114=$V114,5,IF(I114=$W114,6,IF(I114=$X114,7,IF(I114=$Y114,8,IF(I114=$Z114,9,IF(I114=$AA114,10,IF(I114=$AB114,11,IF(I114=$AC114,12,IF(I114=$AD114,13)))))))))))))) | J115: =IF(J114="","",IF(J114=$R114,1,IF(J114=$S114,2,IF(J114=$T114,3,IF(J114=$U114,4,IF(J114=$V114,5,IF(J114=$W114,6,IF(J114=$X114,7,IF(J114=$Y114,8,IF(J114=$Z114,9,IF(J114=$AA114,10,IF(J114=$AB114,11,IF(J114=$AC114,12,IF(J114=$AD114,13)))))))))))))) | K115: =IF(K114="","",IF(K114=$R114,1,IF(K114=$S114,2,IF(K114=$T114,3,IF(K114=$U114,4,IF(K114=$V114,5,IF(K114=$W114,6,IF(K114=$X114,7,IF(K114=$Y114,8,IF(K114=$Z114,9,IF(K114=$AA114,10,IF(K114=$AB114,11,IF(K114=$AC114,12,IF(K114=$AD114,13)))))))))))))) | ... P115: =IF(P114="","",IF(P114=$R114,1,IF(P114=$S114,2,IF(P114=$T114,3,IF(P114=$U114,4,IF(P114=$V114,5,IF(P114=$W114,6,IF(P114=$X114,7,IF(P114=$Y114,8,IF(P114=$Z114,9,IF(P114=$AA114,10,IF(P114=$AB114,11,IF(P114=$AC114,12,IF(P114=$AD114,13))))))))))))))
D116: =IF(Tracking!J80="","",IF(Person!$C$20="m",ABS((Tracking!J80/4-D$45)),ABS((Tracking!J80/4-D$48)))) | E116: =IF(Tracking!K80="","",IF(Person!$C$20="m",ABS((Tracking!K80/4-E$45)),ABS((Tracking!K80/4-E$48)))) | F116: =IF(Tracking!L80="","",IF(Person!$C$20="m",ABS((Tracking!L80/4-F$45)),ABS((Tracking!L80/4-F$48)))) | G116: =IF(Tracking!M80="","",IF(Person!$C$20="m",ABS((Tracking!M80/4-G$45)),ABS((Tracking!M80/4-G$48)))) | H116: =IF(Tracking!N80="","",IF(Person!$C$20="m",ABS((Tracking!N80/4-H$45)),ABS((Tracking!N80/4-H$48)))) | I116: =IF(Tracking!O80="","",IF(Person!$C$20="m",ABS((Tracking!O80/4-I$45)),ABS((Tracking!O80/4-I$48)))) | J116: =IF(Tracking!P80="","",IF(Person!$C$20="m",ABS((Tracking!P80/4-J$45)),ABS((Tracking!P80/4-J$48)))) | K116: =IF(Tracking!Q80="","",IF(Person!$C$20="m",ABS((Tracking!Q80/4-K$45)),ABS((Tracking!Q80/4-K$48)))) | ... P116: =IF(Tracking!V80="","",IF(Person!$C$20="m",ABS((Tracking!V80/4-P$45)),ABS((Tracking!V80/4-P$48)))) | R116: =IF(ISERROR(LARGE($D116:$P116,R$44)),"",LARGE($D116:$P116,R$44)) | S116: =IF(ISERROR(LARGE($D116:$P116,S$44)),"",LARGE($D116:$P116,S$44)) | T116: =IF(ISERROR(LARGE($D116:$P116,T$44)),"",LARGE($D116:$P116,T$44)) | U116: =IF(ISERROR(LARGE($D116:$P116,U$44)),"",LARGE($D116:$P116,U$44)) | V116: =IF(ISERROR(LARGE($D116:$P116,V$44)),"",LARGE($D116:$P116,V$44)) | W116: =IF(ISERROR(LARGE($D116:$P116,W$44)),"",LARGE($D116:$P116,W$44)) | X116: =IF(ISERROR(LARGE($D116:$P116,X$44)),"",LARGE($D116:$P116,X$44)) | Y116: =IF(ISERROR(LARGE($D116:$P116,Y$44)),"",LARGE($D116:$P116,Y$44)) | ... AD116: =IF(ISERROR(LARGE($D116:$P116,AD$44)),"",LARGE($D116:$P116,AD$44))
D117: =IF(D116="","",IF(D116=$R116,1,IF(D116=$S116,2,IF(D116=$T116,3,IF(D116=$U116,4,IF(D116=$V116,5,IF(D116=$W116,6,IF(D116=$X116,7,IF(D116=$Y116,8,IF(D116=$Z116,9,IF(D116=$AA116,10,IF(D116=$AB116,11,IF(D116=$AC116,12,IF(D116=$AD116,13)))))))))))))) | E117: =IF(E116="","",IF(E116=$R116,1,IF(E116=$S116,2,IF(E116=$T116,3,IF(E116=$U116,4,IF(E116=$V116,5,IF(E116=$W116,6,IF(E116=$X116,7,IF(E116=$Y116,8,IF(E116=$Z116,9,IF(E116=$AA116,10,IF(E116=$AB116,11,IF(E116=$AC116,12,IF(E116=$AD116,13)))))))))))))) | F117: =IF(F116="","",IF(F116=$R116,1,IF(F116=$S116,2,IF(F116=$T116,3,IF(F116=$U116,4,IF(F116=$V116,5,IF(F116=$W116,6,IF(F116=$X116,7,IF(F116=$Y116,8,IF(F116=$Z116,9,IF(F116=$AA116,10,IF(F116=$AB116,11,IF(F116=$AC116,12,IF(F116=$AD116,13)))))))))))))) | G117: =IF(G116="","",IF(G116=$R116,1,IF(G116=$S116,2,IF(G116=$T116,3,IF(G116=$U116,4,IF(G116=$V116,5,IF(G116=$W116,6,IF(G116=$X116,7,IF(G116=$Y116,8,IF(G116=$Z116,9,IF(G116=$AA116,10,IF(G116=$AB116,11,IF(G116=$AC116,12,IF(G116=$AD116,13)))))))))))))) | H117: =IF(H116="","",IF(H116=$R116,1,IF(H116=$S116,2,IF(H116=$T116,3,IF(H116=$U116,4,IF(H116=$V116,5,IF(H116=$W116,6,IF(H116=$X116,7,IF(H116=$Y116,8,IF(H116=$Z116,9,IF(H116=$AA116,10,IF(H116=$AB116,11,IF(H116=$AC116,12,IF(H116=$AD116,13)))))))))))))) | I117: =IF(I116="","",IF(I116=$R116,1,IF(I116=$S116,2,IF(I116=$T116,3,IF(I116=$U116,4,IF(I116=$V116,5,IF(I116=$W116,6,IF(I116=$X116,7,IF(I116=$Y116,8,IF(I116=$Z116,9,IF(I116=$AA116,10,IF(I116=$AB116,11,IF(I116=$AC116,12,IF(I116=$AD116,13)))))))))))))) | J117: =IF(J116="","",IF(J116=$R116,1,IF(J116=$S116,2,IF(J116=$T116,3,IF(J116=$U116,4,IF(J116=$V116,5,IF(J116=$W116,6,IF(J116=$X116,7,IF(J116=$Y116,8,IF(J116=$Z116,9,IF(J116=$AA116,10,IF(J116=$AB116,11,IF(J116=$AC116,12,IF(J116=$AD116,13)))))))))))))) | K117: =IF(K116="","",IF(K116=$R116,1,IF(K116=$S116,2,IF(K116=$T116,3,IF(K116=$U116,4,IF(K116=$V116,5,IF(K116=$W116,6,IF(K116=$X116,7,IF(K116=$Y116,8,IF(K116=$Z116,9,IF(K116=$AA116,10,IF(K116=$AB116,11,IF(K116=$AC116,12,IF(K116=$AD116,13)))))))))))))) | ... P117: =IF(P116="","",IF(P116=$R116,1,IF(P116=$S116,2,IF(P116=$T116,3,IF(P116=$U116,4,IF(P116=$V116,5,IF(P116=$W116,6,IF(P116=$X116,7,IF(P116=$Y116,8,IF(P116=$Z116,9,IF(P116=$AA116,10,IF(P116=$AB116,11,IF(P116=$AC116,12,IF(P116=$AD116,13))))))))))))))
D118: =IF(Tracking!J82="","",IF(Person!$C$20="m",ABS((Tracking!J82/4-D$45)),ABS((Tracking!J82/4-D$48)))) | E118: =IF(Tracking!K82="","",IF(Person!$C$20="m",ABS((Tracking!K82/4-E$45)),ABS((Tracking!K82/4-E$48)))) | F118: =IF(Tracking!L82="","",IF(Person!$C$20="m",ABS((Tracking!L82/4-F$45)),ABS((Tracking!L82/4-F$48)))) | G118: =IF(Tracking!M82="","",IF(Person!$C$20="m",ABS((Tracking!M82/4-G$45)),ABS((Tracking!M82/4-G$48)))) | H118: =IF(Tracking!N82="","",IF(Person!$C$20="m",ABS((Tracking!N82/4-H$45)),ABS((Tracking!N82/4-H$48)))) | I118: =IF(Tracking!O82="","",IF(Person!$C$20="m",ABS((Tracking!O82/4-I$45)),ABS((Tracking!O82/4-I$48)))) | J118: =IF(Tracking!P82="","",IF(Person!$C$20="m",ABS((Tracking!P82/4-J$45)),ABS((Tracking!P82/4-J$48)))) | K118: =IF(Tracking!Q82="","",IF(Person!$C$20="m",ABS((Tracking!Q82/4-K$45)),ABS((Tracking!Q82/4-K$48)))) | ... P118: =IF(Tracking!V82="","",IF(Person!$C$20="m",ABS((Tracking!V82/4-P$45)),ABS((Tracking!V82/4-P$48)))) | R118: =IF(ISERROR(LARGE($D118:$P118,R$44)),"",LARGE($D118:$P118,R$44)) | S118: =IF(ISERROR(LARGE($D118:$P118,S$44)),"",LARGE($D118:$P118,S$44)) | T118: =IF(ISERROR(LARGE($D118:$P118,T$44)),"",LARGE($D118:$P118,T$44)) | U118: =IF(ISERROR(LARGE($D118:$P118,U$44)),"",LARGE($D118:$P118,U$44)) | V118: =IF(ISERROR(LARGE($D118:$P118,V$44)),"",LARGE($D118:$P118,V$44)) | W118: =IF(ISERROR(LARGE($D118:$P118,W$44)),"",LARGE($D118:$P118,W$44)) | X118: =IF(ISERROR(LARGE($D118:$P118,X$44)),"",LARGE($D118:$P118,X$44)) | Y118: =IF(ISERROR(LARGE($D118:$P118,Y$44)),"",LARGE($D118:$P118,Y$44)) | ... AD118: =IF(ISERROR(LARGE($D118:$P118,AD$44)),"",LARGE($D118:$P118,AD$44))
D119: =IF(D118="","",IF(D118=$R118,1,IF(D118=$S118,2,IF(D118=$T118,3,IF(D118=$U118,4,IF(D118=$V118,5,IF(D118=$W118,6,IF(D118=$X118,7,IF(D118=$Y118,8,IF(D118=$Z118,9,IF(D118=$AA118,10,IF(D118=$AB118,11,IF(D118=$AC118,12,IF(D118=$AD118,13)))))))))))))) | E119: =IF(E118="","",IF(E118=$R118,1,IF(E118=$S118,2,IF(E118=$T118,3,IF(E118=$U118,4,IF(E118=$V118,5,IF(E118=$W118,6,IF(E118=$X118,7,IF(E118=$Y118,8,IF(E118=$Z118,9,IF(E118=$AA118,10,IF(E118=$AB118,11,IF(E118=$AC118,12,IF(E118=$AD118,13)))))))))))))) | F119: =IF(F118="","",IF(F118=$R118,1,IF(F118=$S118,2,IF(F118=$T118,3,IF(F118=$U118,4,IF(F118=$V118,5,IF(F118=$W118,6,IF(F118=$X118,7,IF(F118=$Y118,8,IF(F118=$Z118,9,IF(F118=$AA118,10,IF(F118=$AB118,11,IF(F118=$AC118,12,IF(F118=$AD118,13)))))))))))))) | G119: =IF(G118="","",IF(G118=$R118,1,IF(G118=$S118,2,IF(G118=$T118,3,IF(G118=$U118,4,IF(G118=$V118,5,IF(G118=$W118,6,IF(G118=$X118,7,IF(G118=$Y118,8,IF(G118=$Z118,9,IF(G118=$AA118,10,IF(G118=$AB118,11,IF(G118=$AC118,12,IF(G118=$AD118,13)))))))))))))) | H119: =IF(H118="","",IF(H118=$R118,1,IF(H118=$S118,2,IF(H118=$T118,3,IF(H118=$U118,4,IF(H118=$V118,5,IF(H118=$W118,6,IF(H118=$X118,7,IF(H118=$Y118,8,IF(H118=$Z118,9,IF(H118=$AA118,10,IF(H118=$AB118,11,IF(H118=$AC118,12,IF(H118=$AD118,13)))))))))))))) | I119: =IF(I118="","",IF(I118=$R118,1,IF(I118=$S118,2,IF(I118=$T118,3,IF(I118=$U118,4,IF(I118=$V118,5,IF(I118=$W118,6,IF(I118=$X118,7,IF(I118=$Y118,8,IF(I118=$Z118,9,IF(I118=$AA118,10,IF(I118=$AB118,11,IF(I118=$AC118,12,IF(I118=$AD118,13)))))))))))))) | J119: =IF(J118="","",IF(J118=$R118,1,IF(J118=$S118,2,IF(J118=$T118,3,IF(J118=$U118,4,IF(J118=$V118,5,IF(J118=$W118,6,IF(J118=$X118,7,IF(J118=$Y118,8,IF(J118=$Z118,9,IF(J118=$AA118,10,IF(J118=$AB118,11,IF(J118=$AC118,12,IF(J118=$AD118,13)))))))))))))) | K119: =IF(K118="","",IF(K118=$R118,1,IF(K118=$S118,2,IF(K118=$T118,3,IF(K118=$U118,4,IF(K118=$V118,5,IF(K118=$W118,6,IF(K118=$X118,7,IF(K118=$Y118,8,IF(K118=$Z118,9,IF(K118=$AA118,10,IF(K118=$AB118,11,IF(K118=$AC118,12,IF(K118=$AD118,13)))))))))))))) | ... P119: =IF(P118="","",IF(P118=$R118,1,IF(P118=$S118,2,IF(P118=$T118,3,IF(P118=$U118,4,IF(P118=$V118,5,IF(P118=$W118,6,IF(P118=$X118,7,IF(P118=$Y118,8,IF(P118=$Z118,9,IF(P118=$AA118,10,IF(P118=$AB118,11,IF(P118=$AC118,12,IF(P118=$AD118,13))))))))))))))
D120: =IF(Tracking!J84="","",IF(Person!$C$20="m",ABS((Tracking!J84/4-D$45)),ABS((Tracking!J84/4-D$48)))) | E120: =IF(Tracking!K84="","",IF(Person!$C$20="m",ABS((Tracking!K84/4-E$45)),ABS((Tracking!K84/4-E$48)))) | F120: =IF(Tracking!L84="","",IF(Person!$C$20="m",ABS((Tracking!L84/4-F$45)),ABS((Tracking!L84/4-F$48)))) | G120: =IF(Tracking!M84="","",IF(Person!$C$20="m",ABS((Tracking!M84/4-G$45)),ABS((Tracking!M84/4-G$48)))) | H120: =IF(Tracking!N84="","",IF(Person!$C$20="m",ABS((Tracking!N84/4-H$45)),ABS((Tracking!N84/4-H$48)))) | I120: =IF(Tracking!O84="","",IF(Person!$C$20="m",ABS((Tracking!O84/4-I$45)),ABS((Tracking!O84/4-I$48)))) | J120: =IF(Tracking!P84="","",IF(Person!$C$20="m",ABS((Tracking!P84/4-J$45)),ABS((Tracking!P84/4-J$48)))) | K120: =IF(Tracking!Q84="","",IF(Person!$C$20="m",ABS((Tracking!Q84/4-K$45)),ABS((Tracking!Q84/4-K$48)))) | ... P120: =IF(Tracking!V84="","",IF(Person!$C$20="m",ABS((Tracking!V84/4-P$45)),ABS((Tracking!V84/4-P$48)))) | R120: =IF(ISERROR(LARGE($D120:$P120,R$44)),"",LARGE($D120:$P120,R$44)) | S120: =IF(ISERROR(LARGE($D120:$P120,S$44)),"",LARGE($D120:$P120,S$44)) | T120: =IF(ISERROR(LARGE($D120:$P120,T$44)),"",LARGE($D120:$P120,T$44)) | U120: =IF(ISERROR(LARGE($D120:$P120,U$44)),"",LARGE($D120:$P120,U$44)) | V120: =IF(ISERROR(LARGE($D120:$P120,V$44)),"",LARGE($D120:$P120,V$44)) | W120: =IF(ISERROR(LARGE($D120:$P120,W$44)),"",LARGE($D120:$P120,W$44)) | X120: =IF(ISERROR(LARGE($D120:$P120,X$44)),"",LARGE($D120:$P120,X$44)) | Y120: =IF(ISERROR(LARGE($D120:$P120,Y$44)),"",LARGE($D120:$P120,Y$44)) | ... AD120: =IF(ISERROR(LARGE($D120:$P120,AD$44)),"",LARGE($D120:$P120,AD$44))
D121: =IF(D120="","",IF(D120=$R120,1,IF(D120=$S120,2,IF(D120=$T120,3,IF(D120=$U120,4,IF(D120=$V120,5,IF(D120=$W120,6,IF(D120=$X120,7,IF(D120=$Y120,8,IF(D120=$Z120,9,IF(D120=$AA120,10,IF(D120=$AB120,11,IF(D120=$AC120,12,IF(D120=$AD120,13)))))))))))))) | E121: =IF(E120="","",IF(E120=$R120,1,IF(E120=$S120,2,IF(E120=$T120,3,IF(E120=$U120,4,IF(E120=$V120,5,IF(E120=$W120,6,IF(E120=$X120,7,IF(E120=$Y120,8,IF(E120=$Z120,9,IF(E120=$AA120,10,IF(E120=$AB120,11,IF(E120=$AC120,12,IF(E120=$AD120,13)))))))))))))) | F121: =IF(F120="","",IF(F120=$R120,1,IF(F120=$S120,2,IF(F120=$T120,3,IF(F120=$U120,4,IF(F120=$V120,5,IF(F120=$W120,6,IF(F120=$X120,7,IF(F120=$Y120,8,IF(F120=$Z120,9,IF(F120=$AA120,10,IF(F120=$AB120,11,IF(F120=$AC120,12,IF(F120=$AD120,13)))))))))))))) | G121: =IF(G120="","",IF(G120=$R120,1,IF(G120=$S120,2,IF(G120=$T120,3,IF(G120=$U120,4,IF(G120=$V120,5,IF(G120=$W120,6,IF(G120=$X120,7,IF(G120=$Y120,8,IF(G120=$Z120,9,IF(G120=$AA120,10,IF(G120=$AB120,11,IF(G120=$AC120,12,IF(G120=$AD120,13)))))))))))))) | H121: =IF(H120="","",IF(H120=$R120,1,IF(H120=$S120,2,IF(H120=$T120,3,IF(H120=$U120,4,IF(H120=$V120,5,IF(H120=$W120,6,IF(H120=$X120,7,IF(H120=$Y120,8,IF(H120=$Z120,9,IF(H120=$AA120,10,IF(H120=$AB120,11,IF(H120=$AC120,12,IF(H120=$AD120,13)))))))))))))) | I121: =IF(I120="","",IF(I120=$R120,1,IF(I120=$S120,2,IF(I120=$T120,3,IF(I120=$U120,4,IF(I120=$V120,5,IF(I120=$W120,6,IF(I120=$X120,7,IF(I120=$Y120,8,IF(I120=$Z120,9,IF(I120=$AA120,10,IF(I120=$AB120,11,IF(I120=$AC120,12,IF(I120=$AD120,13)))))))))))))) | J121: =IF(J120="","",IF(J120=$R120,1,IF(J120=$S120,2,IF(J120=$T120,3,IF(J120=$U120,4,IF(J120=$V120,5,IF(J120=$W120,6,IF(J120=$X120,7,IF(J120=$Y120,8,IF(J120=$Z120,9,IF(J120=$AA120,10,IF(J120=$AB120,11,IF(J120=$AC120,12,IF(J120=$AD120,13)))))))))))))) | K121: =IF(K120="","",IF(K120=$R120,1,IF(K120=$S120,2,IF(K120=$T120,3,IF(K120=$U120,4,IF(K120=$V120,5,IF(K120=$W120,6,IF(K120=$X120,7,IF(K120=$Y120,8,IF(K120=$Z120,9,IF(K120=$AA120,10,IF(K120=$AB120,11,IF(K120=$AC120,12,IF(K120=$AD120,13)))))))))))))) | ... P121: =IF(P120="","",IF(P120=$R120,1,IF(P120=$S120,2,IF(P120=$T120,3,IF(P120=$U120,4,IF(P120=$V120,5,IF(P120=$W120,6,IF(P120=$X120,7,IF(P120=$Y120,8,IF(P120=$Z120,9,IF(P120=$AA120,10,IF(P120=$AB120,11,IF(P120=$AC120,12,IF(P120=$AD120,13))))))))))))))
D122: =IF(Tracking!J86="","",IF(Person!$C$20="m",ABS((Tracking!J86/4-D$45)),ABS((Tracking!J86/4-D$48)))) | E122: =IF(Tracking!K86="","",IF(Person!$C$20="m",ABS((Tracking!K86/4-E$45)),ABS((Tracking!K86/4-E$48)))) | F122: =IF(Tracking!L86="","",IF(Person!$C$20="m",ABS((Tracking!L86/4-F$45)),ABS((Tracking!L86/4-F$48)))) | G122: =IF(Tracking!M86="","",IF(Person!$C$20="m",ABS((Tracking!M86/4-G$45)),ABS((Tracking!M86/4-G$48)))) | H122: =IF(Tracking!N86="","",IF(Person!$C$20="m",ABS((Tracking!N86/4-H$45)),ABS((Tracking!N86/4-H$48)))) | I122: =IF(Tracking!O86="","",IF(Person!$C$20="m",ABS((Tracking!O86/4-I$45)),ABS((Tracking!O86/4-I$48)))) | J122: =IF(Tracking!P86="","",IF(Person!$C$20="m",ABS((Tracking!P86/4-J$45)),ABS((Tracking!P86/4-J$48)))) | K122: =IF(Tracking!Q86="","",IF(Person!$C$20="m",ABS((Tracking!Q86/4-K$45)),ABS((Tracking!Q86/4-K$48)))) | ... P122: =IF(Tracking!V86="","",IF(Person!$C$20="m",ABS((Tracking!V86/4-P$45)),ABS((Tracking!V86/4-P$48)))) | R122: =IF(ISERROR(LARGE($D122:$P122,R$44)),"",LARGE($D122:$P122,R$44)) | S122: =IF(ISERROR(LARGE($D122:$P122,S$44)),"",LARGE($D122:$P122,S$44)) | T122: =IF(ISERROR(LARGE($D122:$P122,T$44)),"",LARGE($D122:$P122,T$44)) | U122: =IF(ISERROR(LARGE($D122:$P122,U$44)),"",LARGE($D122:$P122,U$44)) | V122: =IF(ISERROR(LARGE($D122:$P122,V$44)),"",LARGE($D122:$P122,V$44)) | W122: =IF(ISERROR(LARGE($D122:$P122,W$44)),"",LARGE($D122:$P122,W$44)) | X122: =IF(ISERROR(LARGE($D122:$P122,X$44)),"",LARGE($D122:$P122,X$44)) | Y122: =IF(ISERROR(LARGE($D122:$P122,Y$44)),"",LARGE($D122:$P122,Y$44)) | ... AD122: =IF(ISERROR(LARGE($D122:$P122,AD$44)),"",LARGE($D122:$P122,AD$44))
D123: =IF(D122="","",IF(D122=$R122,1,IF(D122=$S122,2,IF(D122=$T122,3,IF(D122=$U122,4,IF(D122=$V122,5,IF(D122=$W122,6,IF(D122=$X122,7,IF(D122=$Y122,8,IF(D122=$Z122,9,IF(D122=$AA122,10,IF(D122=$AB122,11,IF(D122=$AC122,12,IF(D122=$AD122,13)))))))))))))) | E123: =IF(E122="","",IF(E122=$R122,1,IF(E122=$S122,2,IF(E122=$T122,3,IF(E122=$U122,4,IF(E122=$V122,5,IF(E122=$W122,6,IF(E122=$X122,7,IF(E122=$Y122,8,IF(E122=$Z122,9,IF(E122=$AA122,10,IF(E122=$AB122,11,IF(E122=$AC122,12,IF(E122=$AD122,13)))))))))))))) | F123: =IF(F122="","",IF(F122=$R122,1,IF(F122=$S122,2,IF(F122=$T122,3,IF(F122=$U122,4,IF(F122=$V122,5,IF(F122=$W122,6,IF(F122=$X122,7,IF(F122=$Y122,8,IF(F122=$Z122,9,IF(F122=$AA122,10,IF(F122=$AB122,11,IF(F122=$AC122,12,IF(F122=$AD122,13)))))))))))))) | G123: =IF(G122="","",IF(G122=$R122,1,IF(G122=$S122,2,IF(G122=$T122,3,IF(G122=$U122,4,IF(G122=$V122,5,IF(G122=$W122,6,IF(G122=$X122,7,IF(G122=$Y122,8,IF(G122=$Z122,9,IF(G122=$AA122,10,IF(G122=$AB122,11,IF(G122=$AC122,12,IF(G122=$AD122,13)))))))))))))) | H123: =IF(H122="","",IF(H122=$R122,1,IF(H122=$S122,2,IF(H122=$T122,3,IF(H122=$U122,4,IF(H122=$V122,5,IF(H122=$W122,6,IF(H122=$X122,7,IF(H122=$Y122,8,IF(H122=$Z122,9,IF(H122=$AA122,10,IF(H122=$AB122,11,IF(H122=$AC122,12,IF(H122=$AD122,13)))))))))))))) | I123: =IF(I122="","",IF(I122=$R122,1,IF(I122=$S122,2,IF(I122=$T122,3,IF(I122=$U122,4,IF(I122=$V122,5,IF(I122=$W122,6,IF(I122=$X122,7,IF(I122=$Y122,8,IF(I122=$Z122,9,IF(I122=$AA122,10,IF(I122=$AB122,11,IF(I122=$AC122,12,IF(I122=$AD122,13)))))))))))))) | J123: =IF(J122="","",IF(J122=$R122,1,IF(J122=$S122,2,IF(J122=$T122,3,IF(J122=$U122,4,IF(J122=$V122,5,IF(J122=$W122,6,IF(J122=$X122,7,IF(J122=$Y122,8,IF(J122=$Z122,9,IF(J122=$AA122,10,IF(J122=$AB122,11,IF(J122=$AC122,12,IF(J122=$AD122,13)))))))))))))) | K123: =IF(K122="","",IF(K122=$R122,1,IF(K122=$S122,2,IF(K122=$T122,3,IF(K122=$U122,4,IF(K122=$V122,5,IF(K122=$W122,6,IF(K122=$X122,7,IF(K122=$Y122,8,IF(K122=$Z122,9,IF(K122=$AA122,10,IF(K122=$AB122,11,IF(K122=$AC122,12,IF(K122=$AD122,13)))))))))))))) | ... P123: =IF(P122="","",IF(P122=$R122,1,IF(P122=$S122,2,IF(P122=$T122,3,IF(P122=$U122,4,IF(P122=$V122,5,IF(P122=$W122,6,IF(P122=$X122,7,IF(P122=$Y122,8,IF(P122=$Z122,9,IF(P122=$AA122,10,IF(P122=$AB122,11,IF(P122=$AC122,12,IF(P122=$AD122,13))))))))))))))
D124: =IF(Tracking!J88="","",IF(Person!$C$20="m",ABS((Tracking!J88/4-D$45)),ABS((Tracking!J88/4-D$48)))) | E124: =IF(Tracking!K88="","",IF(Person!$C$20="m",ABS((Tracking!K88/4-E$45)),ABS((Tracking!K88/4-E$48)))) | F124: =IF(Tracking!L88="","",IF(Person!$C$20="m",ABS((Tracking!L88/4-F$45)),ABS((Tracking!L88/4-F$48)))) | G124: =IF(Tracking!M88="","",IF(Person!$C$20="m",ABS((Tracking!M88/4-G$45)),ABS((Tracking!M88/4-G$48)))) | H124: =IF(Tracking!N88="","",IF(Person!$C$20="m",ABS((Tracking!N88/4-H$45)),ABS((Tracking!N88/4-H$48)))) | I124: =IF(Tracking!O88="","",IF(Person!$C$20="m",ABS((Tracking!O88/4-I$45)),ABS((Tracking!O88/4-I$48)))) | J124: =IF(Tracking!P88="","",IF(Person!$C$20="m",ABS((Tracking!P88/4-J$45)),ABS((Tracking!P88/4-J$48)))) | K124: =IF(Tracking!Q88="","",IF(Person!$C$20="m",ABS((Tracking!Q88/4-K$45)),ABS((Tracking!Q88/4-K$48)))) | ... P124: =IF(Tracking!V88="","",IF(Person!$C$20="m",ABS((Tracking!V88/4-P$45)),ABS((Tracking!V88/4-P$48)))) | R124: =IF(ISERROR(LARGE($D124:$P124,R$44)),"",LARGE($D124:$P124,R$44)) | S124: =IF(ISERROR(LARGE($D124:$P124,S$44)),"",LARGE($D124:$P124,S$44)) | T124: =IF(ISERROR(LARGE($D124:$P124,T$44)),"",LARGE($D124:$P124,T$44)) | U124: =IF(ISERROR(LARGE($D124:$P124,U$44)),"",LARGE($D124:$P124,U$44)) | V124: =IF(ISERROR(LARGE($D124:$P124,V$44)),"",LARGE($D124:$P124,V$44)) | W124: =IF(ISERROR(LARGE($D124:$P124,W$44)),"",LARGE($D124:$P124,W$44)) | X124: =IF(ISERROR(LARGE($D124:$P124,X$44)),"",LARGE($D124:$P124,X$44)) | Y124: =IF(ISERROR(LARGE($D124:$P124,Y$44)),"",LARGE($D124:$P124,Y$44)) | ... AD124: =IF(ISERROR(LARGE($D124:$P124,AD$44)),"",LARGE($D124:$P124,AD$44))
D125: =IF(D124="","",IF(D124=$R124,1,IF(D124=$S124,2,IF(D124=$T124,3,IF(D124=$U124,4,IF(D124=$V124,5,IF(D124=$W124,6,IF(D124=$X124,7,IF(D124=$Y124,8,IF(D124=$Z124,9,IF(D124=$AA124,10,IF(D124=$AB124,11,IF(D124=$AC124,12,IF(D124=$AD124,13)))))))))))))) | E125: =IF(E124="","",IF(E124=$R124,1,IF(E124=$S124,2,IF(E124=$T124,3,IF(E124=$U124,4,IF(E124=$V124,5,IF(E124=$W124,6,IF(E124=$X124,7,IF(E124=$Y124,8,IF(E124=$Z124,9,IF(E124=$AA124,10,IF(E124=$AB124,11,IF(E124=$AC124,12,IF(E124=$AD124,13)))))))))))))) | F125: =IF(F124="","",IF(F124=$R124,1,IF(F124=$S124,2,IF(F124=$T124,3,IF(F124=$U124,4,IF(F124=$V124,5,IF(F124=$W124,6,IF(F124=$X124,7,IF(F124=$Y124,8,IF(F124=$Z124,9,IF(F124=$AA124,10,IF(F124=$AB124,11,IF(F124=$AC124,12,IF(F124=$AD124,13)))))))))))))) | G125: =IF(G124="","",IF(G124=$R124,1,IF(G124=$S124,2,IF(G124=$T124,3,IF(G124=$U124,4,IF(G124=$V124,5,IF(G124=$W124,6,IF(G124=$X124,7,IF(G124=$Y124,8,IF(G124=$Z124,9,IF(G124=$AA124,10,IF(G124=$AB124,11,IF(G124=$AC124,12,IF(G124=$AD124,13)))))))))))))) | H125: =IF(H124="","",IF(H124=$R124,1,IF(H124=$S124,2,IF(H124=$T124,3,IF(H124=$U124,4,IF(H124=$V124,5,IF(H124=$W124,6,IF(H124=$X124,7,IF(H124=$Y124,8,IF(H124=$Z124,9,IF(H124=$AA124,10,IF(H124=$AB124,11,IF(H124=$AC124,12,IF(H124=$AD124,13)))))))))))))) | I125: =IF(I124="","",IF(I124=$R124,1,IF(I124=$S124,2,IF(I124=$T124,3,IF(I124=$U124,4,IF(I124=$V124,5,IF(I124=$W124,6,IF(I124=$X124,7,IF(I124=$Y124,8,IF(I124=$Z124,9,IF(I124=$AA124,10,IF(I124=$AB124,11,IF(I124=$AC124,12,IF(I124=$AD124,13)))))))))))))) | J125: =IF(J124="","",IF(J124=$R124,1,IF(J124=$S124,2,IF(J124=$T124,3,IF(J124=$U124,4,IF(J124=$V124,5,IF(J124=$W124,6,IF(J124=$X124,7,IF(J124=$Y124,8,IF(J124=$Z124,9,IF(J124=$AA124,10,IF(J124=$AB124,11,IF(J124=$AC124,12,IF(J124=$AD124,13)))))))))))))) | K125: =IF(K124="","",IF(K124=$R124,1,IF(K124=$S124,2,IF(K124=$T124,3,IF(K124=$U124,4,IF(K124=$V124,5,IF(K124=$W124,6,IF(K124=$X124,7,IF(K124=$Y124,8,IF(K124=$Z124,9,IF(K124=$AA124,10,IF(K124=$AB124,11,IF(K124=$AC124,12,IF(K124=$AD124,13)))))))))))))) | ... P125: =IF(P124="","",IF(P124=$R124,1,IF(P124=$S124,2,IF(P124=$T124,3,IF(P124=$U124,4,IF(P124=$V124,5,IF(P124=$W124,6,IF(P124=$X124,7,IF(P124=$Y124,8,IF(P124=$Z124,9,IF(P124=$AA124,10,IF(P124=$AB124,11,IF(P124=$AC124,12,IF(P124=$AD124,13))))))))))))))
D126: =IF(Tracking!J90="","",IF(Person!$C$20="m",ABS((Tracking!J90/4-D$45)),ABS((Tracking!J90/4-D$48)))) | E126: =IF(Tracking!K90="","",IF(Person!$C$20="m",ABS((Tracking!K90/4-E$45)),ABS((Tracking!K90/4-E$48)))) | F126: =IF(Tracking!L90="","",IF(Person!$C$20="m",ABS((Tracking!L90/4-F$45)),ABS((Tracking!L90/4-F$48)))) | G126: =IF(Tracking!M90="","",IF(Person!$C$20="m",ABS((Tracking!M90/4-G$45)),ABS((Tracking!M90/4-G$48)))) | H126: =IF(Tracking!N90="","",IF(Person!$C$20="m",ABS((Tracking!N90/4-H$45)),ABS((Tracking!N90/4-H$48)))) | I126: =IF(Tracking!O90="","",IF(Person!$C$20="m",ABS((Tracking!O90/4-I$45)),ABS((Tracking!O90/4-I$48)))) | J126: =IF(Tracking!P90="","",IF(Person!$C$20="m",ABS((Tracking!P90/4-J$45)),ABS((Tracking!P90/4-J$48)))) | K126: =IF(Tracking!Q90="","",IF(Person!$C$20="m",ABS((Tracking!Q90/4-K$45)),ABS((Tracking!Q90/4-K$48)))) | ... P126: =IF(Tracking!V90="","",IF(Person!$C$20="m",ABS((Tracking!V90/4-P$45)),ABS((Tracking!V90/4-P$48)))) | R126: =IF(ISERROR(LARGE($D126:$P126,R$44)),"",LARGE($D126:$P126,R$44)) | S126: =IF(ISERROR(LARGE($D126:$P126,S$44)),"",LARGE($D126:$P126,S$44)) | T126: =IF(ISERROR(LARGE($D126:$P126,T$44)),"",LARGE($D126:$P126,T$44)) | U126: =IF(ISERROR(LARGE($D126:$P126,U$44)),"",LARGE($D126:$P126,U$44)) | V126: =IF(ISERROR(LARGE($D126:$P126,V$44)),"",LARGE($D126:$P126,V$44)) | W126: =IF(ISERROR(LARGE($D126:$P126,W$44)),"",LARGE($D126:$P126,W$44)) | X126: =IF(ISERROR(LARGE($D126:$P126,X$44)),"",LARGE($D126:$P126,X$44)) | Y126: =IF(ISERROR(LARGE($D126:$P126,Y$44)),"",LARGE($D126:$P126,Y$44)) | ... AD126: =IF(ISERROR(LARGE($D126:$P126,AD$44)),"",LARGE($D126:$P126,AD$44))
D127: =IF(D126="","",IF(D126=$R126,1,IF(D126=$S126,2,IF(D126=$T126,3,IF(D126=$U126,4,IF(D126=$V126,5,IF(D126=$W126,6,IF(D126=$X126,7,IF(D126=$Y126,8,IF(D126=$Z126,9,IF(D126=$AA126,10,IF(D126=$AB126,11,IF(D126=$AC126,12,IF(D126=$AD126,13)))))))))))))) | E127: =IF(E126="","",IF(E126=$R126,1,IF(E126=$S126,2,IF(E126=$T126,3,IF(E126=$U126,4,IF(E126=$V126,5,IF(E126=$W126,6,IF(E126=$X126,7,IF(E126=$Y126,8,IF(E126=$Z126,9,IF(E126=$AA126,10,IF(E126=$AB126,11,IF(E126=$AC126,12,IF(E126=$AD126,13)))))))))))))) | F127: =IF(F126="","",IF(F126=$R126,1,IF(F126=$S126,2,IF(F126=$T126,3,IF(F126=$U126,4,IF(F126=$V126,5,IF(F126=$W126,6,IF(F126=$X126,7,IF(F126=$Y126,8,IF(F126=$Z126,9,IF(F126=$AA126,10,IF(F126=$AB126,11,IF(F126=$AC126,12,IF(F126=$AD126,13)))))))))))))) | G127: =IF(G126="","",IF(G126=$R126,1,IF(G126=$S126,2,IF(G126=$T126,3,IF(G126=$U126,4,IF(G126=$V126,5,IF(G126=$W126,6,IF(G126=$X126,7,IF(G126=$Y126,8,IF(G126=$Z126,9,IF(G126=$AA126,10,IF(G126=$AB126,11,IF(G126=$AC126,12,IF(G126=$AD126,13)))))))))))))) | H127: =IF(H126="","",IF(H126=$R126,1,IF(H126=$S126,2,IF(H126=$T126,3,IF(H126=$U126,4,IF(H126=$V126,5,IF(H126=$W126,6,IF(H126=$X126,7,IF(H126=$Y126,8,IF(H126=$Z126,9,IF(H126=$AA126,10,IF(H126=$AB126,11,IF(H126=$AC126,12,IF(H126=$AD126,13)))))))))))))) | I127: =IF(I126="","",IF(I126=$R126,1,IF(I126=$S126,2,IF(I126=$T126,3,IF(I126=$U126,4,IF(I126=$V126,5,IF(I126=$W126,6,IF(I126=$X126,7,IF(I126=$Y126,8,IF(I126=$Z126,9,IF(I126=$AA126,10,IF(I126=$AB126,11,IF(I126=$AC126,12,IF(I126=$AD126,13)))))))))))))) | J127: =IF(J126="","",IF(J126=$R126,1,IF(J126=$S126,2,IF(J126=$T126,3,IF(J126=$U126,4,IF(J126=$V126,5,IF(J126=$W126,6,IF(J126=$X126,7,IF(J126=$Y126,8,IF(J126=$Z126,9,IF(J126=$AA126,10,IF(J126=$AB126,11,IF(J126=$AC126,12,IF(J126=$AD126,13)))))))))))))) | K127: =IF(K126="","",IF(K126=$R126,1,IF(K126=$S126,2,IF(K126=$T126,3,IF(K126=$U126,4,IF(K126=$V126,5,IF(K126=$W126,6,IF(K126=$X126,7,IF(K126=$Y126,8,IF(K126=$Z126,9,IF(K126=$AA126,10,IF(K126=$AB126,11,IF(K126=$AC126,12,IF(K126=$AD126,13)))))))))))))) | ... P127: =IF(P126="","",IF(P126=$R126,1,IF(P126=$S126,2,IF(P126=$T126,3,IF(P126=$U126,4,IF(P126=$V126,5,IF(P126=$W126,6,IF(P126=$X126,7,IF(P126=$Y126,8,IF(P126=$Z126,9,IF(P126=$AA126,10,IF(P126=$AB126,11,IF(P126=$AC126,12,IF(P126=$AD126,13))))))))))))))
D128: =IF(Tracking!J92="","",IF(Person!$C$20="m",ABS((Tracking!J92/4-D$45)),ABS((Tracking!J92/4-D$48)))) | E128: =IF(Tracking!K92="","",IF(Person!$C$20="m",ABS((Tracking!K92/4-E$45)),ABS((Tracking!K92/4-E$48)))) | F128: =IF(Tracking!L92="","",IF(Person!$C$20="m",ABS((Tracking!L92/4-F$45)),ABS((Tracking!L92/4-F$48)))) | G128: =IF(Tracking!M92="","",IF(Person!$C$20="m",ABS((Tracking!M92/4-G$45)),ABS((Tracking!M92/4-G$48)))) | H128: =IF(Tracking!N92="","",IF(Person!$C$20="m",ABS((Tracking!N92/4-H$45)),ABS((Tracking!N92/4-H$48)))) | I128: =IF(Tracking!O92="","",IF(Person!$C$20="m",ABS((Tracking!O92/4-I$45)),ABS((Tracking!O92/4-I$48)))) | J128: =IF(Tracking!P92="","",IF(Person!$C$20="m",ABS((Tracking!P92/4-J$45)),ABS((Tracking!P92/4-J$48)))) | K128: =IF(Tracking!Q92="","",IF(Person!$C$20="m",ABS((Tracking!Q92/4-K$45)),ABS((Tracking!Q92/4-K$48)))) | ... P128: =IF(Tracking!V92="","",IF(Person!$C$20="m",ABS((Tracking!V92/4-P$45)),ABS((Tracking!V92/4-P$48)))) | R128: =IF(ISERROR(LARGE($D128:$P128,R$44)),"",LARGE($D128:$P128,R$44)) | S128: =IF(ISERROR(LARGE($D128:$P128,S$44)),"",LARGE($D128:$P128,S$44)) | T128: =IF(ISERROR(LARGE($D128:$P128,T$44)),"",LARGE($D128:$P128,T$44)) | U128: =IF(ISERROR(LARGE($D128:$P128,U$44)),"",LARGE($D128:$P128,U$44)) | V128: =IF(ISERROR(LARGE($D128:$P128,V$44)),"",LARGE($D128:$P128,V$44)) | W128: =IF(ISERROR(LARGE($D128:$P128,W$44)),"",LARGE($D128:$P128,W$44)) | X128: =IF(ISERROR(LARGE($D128:$P128,X$44)),"",LARGE($D128:$P128,X$44)) | Y128: =IF(ISERROR(LARGE($D128:$P128,Y$44)),"",LARGE($D128:$P128,Y$44)) | ... AD128: =IF(ISERROR(LARGE($D128:$P128,AD$44)),"",LARGE($D128:$P128,AD$44))
D129: =IF(D128="","",IF(D128=$R128,1,IF(D128=$S128,2,IF(D128=$T128,3,IF(D128=$U128,4,IF(D128=$V128,5,IF(D128=$W128,6,IF(D128=$X128,7,IF(D128=$Y128,8,IF(D128=$Z128,9,IF(D128=$AA128,10,IF(D128=$AB128,11,IF(D128=$AC128,12,IF(D128=$AD128,13)))))))))))))) | E129: =IF(E128="","",IF(E128=$R128,1,IF(E128=$S128,2,IF(E128=$T128,3,IF(E128=$U128,4,IF(E128=$V128,5,IF(E128=$W128,6,IF(E128=$X128,7,IF(E128=$Y128,8,IF(E128=$Z128,9,IF(E128=$AA128,10,IF(E128=$AB128,11,IF(E128=$AC128,12,IF(E128=$AD128,13)))))))))))))) | F129: =IF(F128="","",IF(F128=$R128,1,IF(F128=$S128,2,IF(F128=$T128,3,IF(F128=$U128,4,IF(F128=$V128,5,IF(F128=$W128,6,IF(F128=$X128,7,IF(F128=$Y128,8,IF(F128=$Z128,9,IF(F128=$AA128,10,IF(F128=$AB128,11,IF(F128=$AC128,12,IF(F128=$AD128,13)))))))))))))) | G129: =IF(G128="","",IF(G128=$R128,1,IF(G128=$S128,2,IF(G128=$T128,3,IF(G128=$U128,4,IF(G128=$V128,5,IF(G128=$W128,6,IF(G128=$X128,7,IF(G128=$Y128,8,IF(G128=$Z128,9,IF(G128=$AA128,10,IF(G128=$AB128,11,IF(G128=$AC128,12,IF(G128=$AD128,13)))))))))))))) | H129: =IF(H128="","",IF(H128=$R128,1,IF(H128=$S128,2,IF(H128=$T128,3,IF(H128=$U128,4,IF(H128=$V128,5,IF(H128=$W128,6,IF(H128=$X128,7,IF(H128=$Y128,8,IF(H128=$Z128,9,IF(H128=$AA128,10,IF(H128=$AB128,11,IF(H128=$AC128,12,IF(H128=$AD128,13)))))))))))))) | I129: =IF(I128="","",IF(I128=$R128,1,IF(I128=$S128,2,IF(I128=$T128,3,IF(I128=$U128,4,IF(I128=$V128,5,IF(I128=$W128,6,IF(I128=$X128,7,IF(I128=$Y128,8,IF(I128=$Z128,9,IF(I128=$AA128,10,IF(I128=$AB128,11,IF(I128=$AC128,12,IF(I128=$AD128,13)))))))))))))) | J129: =IF(J128="","",IF(J128=$R128,1,IF(J128=$S128,2,IF(J128=$T128,3,IF(J128=$U128,4,IF(J128=$V128,5,IF(J128=$W128,6,IF(J128=$X128,7,IF(J128=$Y128,8,IF(J128=$Z128,9,IF(J128=$AA128,10,IF(J128=$AB128,11,IF(J128=$AC128,12,IF(J128=$AD128,13)))))))))))))) | K129: =IF(K128="","",IF(K128=$R128,1,IF(K128=$S128,2,IF(K128=$T128,3,IF(K128=$U128,4,IF(K128=$V128,5,IF(K128=$W128,6,IF(K128=$X128,7,IF(K128=$Y128,8,IF(K128=$Z128,9,IF(K128=$AA128,10,IF(K128=$AB128,11,IF(K128=$AC128,12,IF(K128=$AD128,13)))))))))))))) | ... P129: =IF(P128="","",IF(P128=$R128,1,IF(P128=$S128,2,IF(P128=$T128,3,IF(P128=$U128,4,IF(P128=$V128,5,IF(P128=$W128,6,IF(P128=$X128,7,IF(P128=$Y128,8,IF(P128=$Z128,9,IF(P128=$AA128,10,IF(P128=$AB128,11,IF(P128=$AC128,12,IF(P128=$AD128,13))))))))))))))
D130: =IF(Tracking!J94="","",IF(Person!$C$20="m",ABS((Tracking!J94/4-D$45)),ABS((Tracking!J94/4-D$48)))) | E130: =IF(Tracking!K94="","",IF(Person!$C$20="m",ABS((Tracking!K94/4-E$45)),ABS((Tracking!K94/4-E$48)))) | F130: =IF(Tracking!L94="","",IF(Person!$C$20="m",ABS((Tracking!L94/4-F$45)),ABS((Tracking!L94/4-F$48)))) | G130: =IF(Tracking!M94="","",IF(Person!$C$20="m",ABS((Tracking!M94/4-G$45)),ABS((Tracking!M94/4-G$48)))) | H130: =IF(Tracking!N94="","",IF(Person!$C$20="m",ABS((Tracking!N94/4-H$45)),ABS((Tracking!N94/4-H$48)))) | I130: =IF(Tracking!O94="","",IF(Person!$C$20="m",ABS((Tracking!O94/4-I$45)),ABS((Tracking!O94/4-I$48)))) | J130: =IF(Tracking!P94="","",IF(Person!$C$20="m",ABS((Tracking!P94/4-J$45)),ABS((Tracking!P94/4-J$48)))) | K130: =IF(Tracking!Q94="","",IF(Person!$C$20="m",ABS((Tracking!Q94/4-K$45)),ABS((Tracking!Q94/4-K$48)))) | ... P130: =IF(Tracking!V94="","",IF(Person!$C$20="m",ABS((Tracking!V94/4-P$45)),ABS((Tracking!V94/4-P$48)))) | R130: =IF(ISERROR(LARGE($D130:$P130,R$44)),"",LARGE($D130:$P130,R$44)) | S130: =IF(ISERROR(LARGE($D130:$P130,S$44)),"",LARGE($D130:$P130,S$44)) | T130: =IF(ISERROR(LARGE($D130:$P130,T$44)),"",LARGE($D130:$P130,T$44)) | U130: =IF(ISERROR(LARGE($D130:$P130,U$44)),"",LARGE($D130:$P130,U$44)) | V130: =IF(ISERROR(LARGE($D130:$P130,V$44)),"",LARGE($D130:$P130,V$44)) | W130: =IF(ISERROR(LARGE($D130:$P130,W$44)),"",LARGE($D130:$P130,W$44)) | X130: =IF(ISERROR(LARGE($D130:$P130,X$44)),"",LARGE($D130:$P130,X$44)) | Y130: =IF(ISERROR(LARGE($D130:$P130,Y$44)),"",LARGE($D130:$P130,Y$44)) | ... AD130: =IF(ISERROR(LARGE($D130:$P130,AD$44)),"",LARGE($D130:$P130,AD$44))
D131: =IF(D130="","",IF(D130=$R130,1,IF(D130=$S130,2,IF(D130=$T130,3,IF(D130=$U130,4,IF(D130=$V130,5,IF(D130=$W130,6,IF(D130=$X130,7,IF(D130=$Y130,8,IF(D130=$Z130,9,IF(D130=$AA130,10,IF(D130=$AB130,11,IF(D130=$AC130,12,IF(D130=$AD130,13)))))))))))))) | E131: =IF(E130="","",IF(E130=$R130,1,IF(E130=$S130,2,IF(E130=$T130,3,IF(E130=$U130,4,IF(E130=$V130,5,IF(E130=$W130,6,IF(E130=$X130,7,IF(E130=$Y130,8,IF(E130=$Z130,9,IF(E130=$AA130,10,IF(E130=$AB130,11,IF(E130=$AC130,12,IF(E130=$AD130,13)))))))))))))) | F131: =IF(F130="","",IF(F130=$R130,1,IF(F130=$S130,2,IF(F130=$T130,3,IF(F130=$U130,4,IF(F130=$V130,5,IF(F130=$W130,6,IF(F130=$X130,7,IF(F130=$Y130,8,IF(F130=$Z130,9,IF(F130=$AA130,10,IF(F130=$AB130,11,IF(F130=$AC130,12,IF(F130=$AD130,13)))))))))))))) | G131: =IF(G130="","",IF(G130=$R130,1,IF(G130=$S130,2,IF(G130=$T130,3,IF(G130=$U130,4,IF(G130=$V130,5,IF(G130=$W130,6,IF(G130=$X130,7,IF(G130=$Y130,8,IF(G130=$Z130,9,IF(G130=$AA130,10,IF(G130=$AB130,11,IF(G130=$AC130,12,IF(G130=$AD130,13)))))))))))))) | H131: =IF(H130="","",IF(H130=$R130,1,IF(H130=$S130,2,IF(H130=$T130,3,IF(H130=$U130,4,IF(H130=$V130,5,IF(H130=$W130,6,IF(H130=$X130,7,IF(H130=$Y130,8,IF(H130=$Z130,9,IF(H130=$AA130,10,IF(H130=$AB130,11,IF(H130=$AC130,12,IF(H130=$AD130,13)))))))))))))) | I131: =IF(I130="","",IF(I130=$R130,1,IF(I130=$S130,2,IF(I130=$T130,3,IF(I130=$U130,4,IF(I130=$V130,5,IF(I130=$W130,6,IF(I130=$X130,7,IF(I130=$Y130,8,IF(I130=$Z130,9,IF(I130=$AA130,10,IF(I130=$AB130,11,IF(I130=$AC130,12,IF(I130=$AD130,13)))))))))))))) | J131: =IF(J130="","",IF(J130=$R130,1,IF(J130=$S130,2,IF(J130=$T130,3,IF(J130=$U130,4,IF(J130=$V130,5,IF(J130=$W130,6,IF(J130=$X130,7,IF(J130=$Y130,8,IF(J130=$Z130,9,IF(J130=$AA130,10,IF(J130=$AB130,11,IF(J130=$AC130,12,IF(J130=$AD130,13)))))))))))))) | K131: =IF(K130="","",IF(K130=$R130,1,IF(K130=$S130,2,IF(K130=$T130,3,IF(K130=$U130,4,IF(K130=$V130,5,IF(K130=$W130,6,IF(K130=$X130,7,IF(K130=$Y130,8,IF(K130=$Z130,9,IF(K130=$AA130,10,IF(K130=$AB130,11,IF(K130=$AC130,12,IF(K130=$AD130,13)))))))))))))) | ... P131: =IF(P130="","",IF(P130=$R130,1,IF(P130=$S130,2,IF(P130=$T130,3,IF(P130=$U130,4,IF(P130=$V130,5,IF(P130=$W130,6,IF(P130=$X130,7,IF(P130=$Y130,8,IF(P130=$Z130,9,IF(P130=$AA130,10,IF(P130=$AB130,11,IF(P130=$AC130,12,IF(P130=$AD130,13))))))))))))))
D132: =IF(Tracking!J96="","",IF(Person!$C$20="m",ABS((Tracking!J96/4-D$45)),ABS((Tracking!J96/4-D$48)))) | E132: =IF(Tracking!K96="","",IF(Person!$C$20="m",ABS((Tracking!K96/4-E$45)),ABS((Tracking!K96/4-E$48)))) | F132: =IF(Tracking!L96="","",IF(Person!$C$20="m",ABS((Tracking!L96/4-F$45)),ABS((Tracking!L96/4-F$48)))) | G132: =IF(Tracking!M96="","",IF(Person!$C$20="m",ABS((Tracking!M96/4-G$45)),ABS((Tracking!M96/4-G$48)))) | H132: =IF(Tracking!N96="","",IF(Person!$C$20="m",ABS((Tracking!N96/4-H$45)),ABS((Tracking!N96/4-H$48)))) | I132: =IF(Tracking!O96="","",IF(Person!$C$20="m",ABS((Tracking!O96/4-I$45)),ABS((Tracking!O96/4-I$48)))) | J132: =IF(Tracking!P96="","",IF(Person!$C$20="m",ABS((Tracking!P96/4-J$45)),ABS((Tracking!P96/4-J$48)))) | K132: =IF(Tracking!Q96="","",IF(Person!$C$20="m",ABS((Tracking!Q96/4-K$45)),ABS((Tracking!Q96/4-K$48)))) | ... P132: =IF(Tracking!V96="","",IF(Person!$C$20="m",ABS((Tracking!V96/4-P$45)),ABS((Tracking!V96/4-P$48)))) | R132: =IF(ISERROR(LARGE($D132:$P132,R$44)),"",LARGE($D132:$P132,R$44)) | S132: =IF(ISERROR(LARGE($D132:$P132,S$44)),"",LARGE($D132:$P132,S$44)) | T132: =IF(ISERROR(LARGE($D132:$P132,T$44)),"",LARGE($D132:$P132,T$44)) | U132: =IF(ISERROR(LARGE($D132:$P132,U$44)),"",LARGE($D132:$P132,U$44)) | V132: =IF(ISERROR(LARGE($D132:$P132,V$44)),"",LARGE($D132:$P132,V$44)) | W132: =IF(ISERROR(LARGE($D132:$P132,W$44)),"",LARGE($D132:$P132,W$44)) | X132: =IF(ISERROR(LARGE($D132:$P132,X$44)),"",LARGE($D132:$P132,X$44)) | Y132: =IF(ISERROR(LARGE($D132:$P132,Y$44)),"",LARGE($D132:$P132,Y$44)) | ... AD132: =IF(ISERROR(LARGE($D132:$P132,AD$44)),"",LARGE($D132:$P132,AD$44))
D133: =IF(D132="","",IF(D132=$R132,1,IF(D132=$S132,2,IF(D132=$T132,3,IF(D132=$U132,4,IF(D132=$V132,5,IF(D132=$W132,6,IF(D132=$X132,7,IF(D132=$Y132,8,IF(D132=$Z132,9,IF(D132=$AA132,10,IF(D132=$AB132,11,IF(D132=$AC132,12,IF(D132=$AD132,13)))))))))))))) | E133: =IF(E132="","",IF(E132=$R132,1,IF(E132=$S132,2,IF(E132=$T132,3,IF(E132=$U132,4,IF(E132=$V132,5,IF(E132=$W132,6,IF(E132=$X132,7,IF(E132=$Y132,8,IF(E132=$Z132,9,IF(E132=$AA132,10,IF(E132=$AB132,11,IF(E132=$AC132,12,IF(E132=$AD132,13)))))))))))))) | F133: =IF(F132="","",IF(F132=$R132,1,IF(F132=$S132,2,IF(F132=$T132,3,IF(F132=$U132,4,IF(F132=$V132,5,IF(F132=$W132,6,IF(F132=$X132,7,IF(F132=$Y132,8,IF(F132=$Z132,9,IF(F132=$AA132,10,IF(F132=$AB132,11,IF(F132=$AC132,12,IF(F132=$AD132,13)))))))))))))) | G133: =IF(G132="","",IF(G132=$R132,1,IF(G132=$S132,2,IF(G132=$T132,3,IF(G132=$U132,4,IF(G132=$V132,5,IF(G132=$W132,6,IF(G132=$X132,7,IF(G132=$Y132,8,IF(G132=$Z132,9,IF(G132=$AA132,10,IF(G132=$AB132,11,IF(G132=$AC132,12,IF(G132=$AD132,13)))))))))))))) | H133: =IF(H132="","",IF(H132=$R132,1,IF(H132=$S132,2,IF(H132=$T132,3,IF(H132=$U132,4,IF(H132=$V132,5,IF(H132=$W132,6,IF(H132=$X132,7,IF(H132=$Y132,8,IF(H132=$Z132,9,IF(H132=$AA132,10,IF(H132=$AB132,11,IF(H132=$AC132,12,IF(H132=$AD132,13)))))))))))))) | I133: =IF(I132="","",IF(I132=$R132,1,IF(I132=$S132,2,IF(I132=$T132,3,IF(I132=$U132,4,IF(I132=$V132,5,IF(I132=$W132,6,IF(I132=$X132,7,IF(I132=$Y132,8,IF(I132=$Z132,9,IF(I132=$AA132,10,IF(I132=$AB132,11,IF(I132=$AC132,12,IF(I132=$AD132,13)))))))))))))) | J133: =IF(J132="","",IF(J132=$R132,1,IF(J132=$S132,2,IF(J132=$T132,3,IF(J132=$U132,4,IF(J132=$V132,5,IF(J132=$W132,6,IF(J132=$X132,7,IF(J132=$Y132,8,IF(J132=$Z132,9,IF(J132=$AA132,10,IF(J132=$AB132,11,IF(J132=$AC132,12,IF(J132=$AD132,13)))))))))))))) | K133: =IF(K132="","",IF(K132=$R132,1,IF(K132=$S132,2,IF(K132=$T132,3,IF(K132=$U132,4,IF(K132=$V132,5,IF(K132=$W132,6,IF(K132=$X132,7,IF(K132=$Y132,8,IF(K132=$Z132,9,IF(K132=$AA132,10,IF(K132=$AB132,11,IF(K132=$AC132,12,IF(K132=$AD132,13)))))))))))))) | ... P133: =IF(P132="","",IF(P132=$R132,1,IF(P132=$S132,2,IF(P132=$T132,3,IF(P132=$U132,4,IF(P132=$V132,5,IF(P132=$W132,6,IF(P132=$X132,7,IF(P132=$Y132,8,IF(P132=$Z132,9,IF(P132=$AA132,10,IF(P132=$AB132,11,IF(P132=$AC132,12,IF(P132=$AD132,13))))))))))))))
D134: =IF(Tracking!J98="","",IF(Person!$C$20="m",ABS((Tracking!J98/4-D$45)),ABS((Tracking!J98/4-D$48)))) | E134: =IF(Tracking!K98="","",IF(Person!$C$20="m",ABS((Tracking!K98/4-E$45)),ABS((Tracking!K98/4-E$48)))) | F134: =IF(Tracking!L98="","",IF(Person!$C$20="m",ABS((Tracking!L98/4-F$45)),ABS((Tracking!L98/4-F$48)))) | G134: =IF(Tracking!M98="","",IF(Person!$C$20="m",ABS((Tracking!M98/4-G$45)),ABS((Tracking!M98/4-G$48)))) | H134: =IF(Tracking!N98="","",IF(Person!$C$20="m",ABS((Tracking!N98/4-H$45)),ABS((Tracking!N98/4-H$48)))) | I134: =IF(Tracking!O98="","",IF(Person!$C$20="m",ABS((Tracking!O98/4-I$45)),ABS((Tracking!O98/4-I$48)))) | J134: =IF(Tracking!P98="","",IF(Person!$C$20="m",ABS((Tracking!P98/4-J$45)),ABS((Tracking!P98/4-J$48)))) | K134: =IF(Tracking!Q98="","",IF(Person!$C$20="m",ABS((Tracking!Q98/4-K$45)),ABS((Tracking!Q98/4-K$48)))) | ... P134: =IF(Tracking!V98="","",IF(Person!$C$20="m",ABS((Tracking!V98/4-P$45)),ABS((Tracking!V98/4-P$48)))) | R134: =IF(ISERROR(LARGE($D134:$P134,R$44)),"",LARGE($D134:$P134,R$44)) | S134: =IF(ISERROR(LARGE($D134:$P134,S$44)),"",LARGE($D134:$P134,S$44)) | T134: =IF(ISERROR(LARGE($D134:$P134,T$44)),"",LARGE($D134:$P134,T$44)) | U134: =IF(ISERROR(LARGE($D134:$P134,U$44)),"",LARGE($D134:$P134,U$44)) | V134: =IF(ISERROR(LARGE($D134:$P134,V$44)),"",LARGE($D134:$P134,V$44)) | W134: =IF(ISERROR(LARGE($D134:$P134,W$44)),"",LARGE($D134:$P134,W$44)) | X134: =IF(ISERROR(LARGE($D134:$P134,X$44)),"",LARGE($D134:$P134,X$44)) | Y134: =IF(ISERROR(LARGE($D134:$P134,Y$44)),"",LARGE($D134:$P134,Y$44)) | ... AD134: =IF(ISERROR(LARGE($D134:$P134,AD$44)),"",LARGE($D134:$P134,AD$44))
D135: =IF(D134="","",IF(D134=$R134,1,IF(D134=$S134,2,IF(D134=$T134,3,IF(D134=$U134,4,IF(D134=$V134,5,IF(D134=$W134,6,IF(D134=$X134,7,IF(D134=$Y134,8,IF(D134=$Z134,9,IF(D134=$AA134,10,IF(D134=$AB134,11,IF(D134=$AC134,12,IF(D134=$AD134,13)))))))))))))) | E135: =IF(E134="","",IF(E134=$R134,1,IF(E134=$S134,2,IF(E134=$T134,3,IF(E134=$U134,4,IF(E134=$V134,5,IF(E134=$W134,6,IF(E134=$X134,7,IF(E134=$Y134,8,IF(E134=$Z134,9,IF(E134=$AA134,10,IF(E134=$AB134,11,IF(E134=$AC134,12,IF(E134=$AD134,13)))))))))))))) | F135: =IF(F134="","",IF(F134=$R134,1,IF(F134=$S134,2,IF(F134=$T134,3,IF(F134=$U134,4,IF(F134=$V134,5,IF(F134=$W134,6,IF(F134=$X134,7,IF(F134=$Y134,8,IF(F134=$Z134,9,IF(F134=$AA134,10,IF(F134=$AB134,11,IF(F134=$AC134,12,IF(F134=$AD134,13)))))))))))))) | G135: =IF(G134="","",IF(G134=$R134,1,IF(G134=$S134,2,IF(G134=$T134,3,IF(G134=$U134,4,IF(G134=$V134,5,IF(G134=$W134,6,IF(G134=$X134,7,IF(G134=$Y134,8,IF(G134=$Z134,9,IF(G134=$AA134,10,IF(G134=$AB134,11,IF(G134=$AC134,12,IF(G134=$AD134,13)))))))))))))) | H135: =IF(H134="","",IF(H134=$R134,1,IF(H134=$S134,2,IF(H134=$T134,3,IF(H134=$U134,4,IF(H134=$V134,5,IF(H134=$W134,6,IF(H134=$X134,7,IF(H134=$Y134,8,IF(H134=$Z134,9,IF(H134=$AA134,10,IF(H134=$AB134,11,IF(H134=$AC134,12,IF(H134=$AD134,13)))))))))))))) | I135: =IF(I134="","",IF(I134=$R134,1,IF(I134=$S134,2,IF(I134=$T134,3,IF(I134=$U134,4,IF(I134=$V134,5,IF(I134=$W134,6,IF(I134=$X134,7,IF(I134=$Y134,8,IF(I134=$Z134,9,IF(I134=$AA134,10,IF(I134=$AB134,11,IF(I134=$AC134,12,IF(I134=$AD134,13)))))))))))))) | J135: =IF(J134="","",IF(J134=$R134,1,IF(J134=$S134,2,IF(J134=$T134,3,IF(J134=$U134,4,IF(J134=$V134,5,IF(J134=$W134,6,IF(J134=$X134,7,IF(J134=$Y134,8,IF(J134=$Z134,9,IF(J134=$AA134,10,IF(J134=$AB134,11,IF(J134=$AC134,12,IF(J134=$AD134,13)))))))))))))) | K135: =IF(K134="","",IF(K134=$R134,1,IF(K134=$S134,2,IF(K134=$T134,3,IF(K134=$U134,4,IF(K134=$V134,5,IF(K134=$W134,6,IF(K134=$X134,7,IF(K134=$Y134,8,IF(K134=$Z134,9,IF(K134=$AA134,10,IF(K134=$AB134,11,IF(K134=$AC134,12,IF(K134=$AD134,13)))))))))))))) | ... P135: =IF(P134="","",IF(P134=$R134,1,IF(P134=$S134,2,IF(P134=$T134,3,IF(P134=$U134,4,IF(P134=$V134,5,IF(P134=$W134,6,IF(P134=$X134,7,IF(P134=$Y134,8,IF(P134=$Z134,9,IF(P134=$AA134,10,IF(P134=$AB134,11,IF(P134=$AC134,12,IF(P134=$AD134,13))))))))))))))
D136: =IF(Tracking!J100="","",IF(Person!$C$20="m",ABS((Tracking!J100/4-D$45)),ABS((Tracking!J100/4-D$48)))) | E136: =IF(Tracking!K100="","",IF(Person!$C$20="m",ABS((Tracking!K100/4-E$45)),ABS((Tracking!K100/4-E$48)))) | F136: =IF(Tracking!L100="","",IF(Person!$C$20="m",ABS((Tracking!L100/4-F$45)),ABS((Tracking!L100/4-F$48)))) | G136: =IF(Tracking!M100="","",IF(Person!$C$20="m",ABS((Tracking!M100/4-G$45)),ABS((Tracking!M100/4-G$48)))) | H136: =IF(Tracking!N100="","",IF(Person!$C$20="m",ABS((Tracking!N100/4-H$45)),ABS((Tracking!N100/4-H$48)))) | I136: =IF(Tracking!O100="","",IF(Person!$C$20="m",ABS((Tracking!O100/4-I$45)),ABS((Tracking!O100/4-I$48)))) | J136: =IF(Tracking!P100="","",IF(Person!$C$20="m",ABS((Tracking!P100/4-J$45)),ABS((Tracking!P100/4-J$48)))) | K136: =IF(Tracking!Q100="","",IF(Person!$C$20="m",ABS((Tracking!Q100/4-K$45)),ABS((Tracking!Q100/4-K$48)))) | ... P136: =IF(Tracking!V100="","",IF(Person!$C$20="m",ABS((Tracking!V100/4-P$45)),ABS((Tracking!V100/4-P$48)))) | R136: =IF(ISERROR(LARGE($D136:$P136,R$44)),"",LARGE($D136:$P136,R$44)) | S136: =IF(ISERROR(LARGE($D136:$P136,S$44)),"",LARGE($D136:$P136,S$44)) | T136: =IF(ISERROR(LARGE($D136:$P136,T$44)),"",LARGE($D136:$P136,T$44)) | U136: =IF(ISERROR(LARGE($D136:$P136,U$44)),"",LARGE($D136:$P136,U$44)) | V136: =IF(ISERROR(LARGE($D136:$P136,V$44)),"",LARGE($D136:$P136,V$44)) | W136: =IF(ISERROR(LARGE($D136:$P136,W$44)),"",LARGE($D136:$P136,W$44)) | X136: =IF(ISERROR(LARGE($D136:$P136,X$44)),"",LARGE($D136:$P136,X$44)) | Y136: =IF(ISERROR(LARGE($D136:$P136,Y$44)),"",LARGE($D136:$P136,Y$44)) | ... AD136: =IF(ISERROR(LARGE($D136:$P136,AD$44)),"",LARGE($D136:$P136,AD$44))
